,Gene,Official_A,Official_B,UniProt_A,UniProt_B,Source
0,BANK1,BANK1,LYN,55024,4067,BIOGRID
1,BANK1,BANK1,ITPR1,55024,3708,BIOGRID
2,BANK1,BANK1,LYN,55024,4067,BIOGRID
3,BANK1,YWHAQ,BANK1,10971,55024,BIOGRID
4,C4A,C4A,CST3,720,1471,BIOGRID
5,C4A,C4B,C2,721,717,BIOGRID
6,C4A,C4B,C2,721,717,BIOGRID
7,C4A,APC,C4A,324,720,BIOGRID
8,C4A,C2,Psmd3,24231,287670,BIOGRID
9,C4A,C2,Psmc1,24231,117263,BIOGRID
10,C4A,C2,Psmc3,24231,29677,BIOGRID
11,C4A,C2,Psmc4,24231,117262,BIOGRID
12,C4A,C2,Psmc2,24231,25581,BIOGRID
13,C4A,C2,S8,24231,29550,BIOGRID
14,C4A,C2,Psmd7,24231,307821,BIOGRID
15,C4A,C2,C9,24231,117512,BIOGRID
16,C4A,C2,Psma3,24231,29670,BIOGRID
17,C4A,C2,C6,24231,24237,BIOGRID
18,C4A,C2,Psma6,24231,29673,BIOGRID
19,C4A,C2,Psma5,24231,29672,BIOGRID
20,C4A,C2,C3,24231,24232,BIOGRID
21,C4A,C2,Psmb6,24231,29666,BIOGRID
22,C4A,C2,C7,24231,117517,BIOGRID
23,C4A,C2,Psmd14,24231,311078,BIOGRID
24,C4A,ALB,C4A,213,720,BIOGRID
25,C4A,FN1,C4A,2335,720,BIOGRID
26,C4A,GDPD1,C4A,284161,720,BIOGRID
27,C4A,LGALS8,C4A,3964,720,BIOGRID
28,C4A,SCN2B,C4A,6327,720,BIOGRID
29,C4A,TMEM89,C4A,440955,720,BIOGRID
30,C4A,KIF22,C4A,3835,720,BIOGRID
31,C4A,MCM2,C4A,4171,720,BIOGRID
32,C4A,MCM2,C4B,4171,721,BIOGRID
33,C4A,SNX27,C4A,81609,720,BIOGRID
34,C4A,PVR,C4A,5817,720,BIOGRID
35,C4A,GDPD1,C4A,284161,720,BIOGRID
36,C4A,SLC15A1,C4A,6564,720,BIOGRID
37,C4A,FAM171B,C4A,165215,720,BIOGRID
38,C4A,SCN2B,C4A,6327,720,BIOGRID
39,C4A,OCLN,C4A,100506658,720,BIOGRID
40,C4A,CCL5,C4A,6352,720,BIOGRID
41,C4A,LGALS8,C4A,3964,720,BIOGRID
42,C4A,TMEM89,C4A,440955,720,BIOGRID
43,C4A,LAMP1,C4A,3916,720,BIOGRID
44,C4A,VSIG1,C4A,340547,720,BIOGRID
45,C4A,ATP2B2,C4A,491,720,BIOGRID
46,C4A,Gja1,C4a,24392,24233,BIOGRID
47,C4B,C4B,C2,721,717,BIOGRID
48,C4B,C4B,C2,721,717,BIOGRID
49,C4B,MCM2,C4B,4171,721,BIOGRID
50,C4B,Fancd2,C4b,211651,12268,BIOGRID
51,C4B,Gja1,C4a,24392,24233,BIOGRID
52,C4B_2,C4B,C2,721,717,BIOGRID
53,C4B_2,C4B,C2,721,717,BIOGRID
54,C4B_2,MCM2,C4B,4171,721,BIOGRID
55,CR2,CD19,CR2,930,1380,BIOGRID
56,CR2,CR2,CD81,1380,975,BIOGRID
57,CR2,CR2,IFITM1,1380,8519,BIOGRID
58,CR2,CR2,FCER2,1380,2208,BIOGRID
59,CR2,CD19,CR2,930,1380,BIOGRID
60,CR2,CR2,ANXA6,1380,309,BIOGRID
61,CR2,CR1,CR2,1378,1380,BIOGRID
62,CR2,IFNA1,CR2,3439,1380,BIOGRID
63,CRP,CG14490,crp,37041,34956,BIOGRID
64,CRP,CG3557,crp,33426,34956,BIOGRID
65,CRP,crp,BubR1,34956,35522,BIOGRID
66,CRP,crp,Cpr76Bb,34956,40121,BIOGRID
67,CRP,mbl,crp,36945,34956,BIOGRID
68,CRP,CRP,CFH,1401,3075,BIOGRID
69,CRP,CRP,C1QA,1401,712,BIOGRID
70,CRP,CRP,SNRNP70,1401,6625,BIOGRID
71,CRP,FN1,CRP,2335,1401,BIOGRID
72,CRP,CRP,APCS,1401,325,BIOGRID
73,CRP,EGFR,CSRP1,1956,1465,BIOGRID
74,CRP,MAPK3,CRP,5595,1401,BIOGRID
75,CRP,CSRP1,APP,1465,351,BIOGRID
76,CRP,CRP,HIST1H1A,1401,3024,BIOGRID
77,CRP,CRP,HIST2H2AC,1401,8338,BIOGRID
78,CRP,GRB2,CSRP1,2885,1465,BIOGRID
79,CRP,ACTN1,CSRP1,87,1465,BIOGRID
80,CRP,ird5,crp,44432,34956,BIOGRID
81,CRP,Tab2,crp,37216,34956,BIOGRID
82,CRP,Dredd,crp,31011,34956,BIOGRID
83,CRP,imd,crp,44339,34956,BIOGRID
84,CRP,BAG3,CSRP1,9531,1465,BIOGRID
85,CRP,CRP,LAMC3,1401,10319,BIOGRID
86,CRP,CRP,GLUD1,1401,2746,BIOGRID
87,CRP,CRP,MAPK1,1401,5594,BIOGRID
88,CRP,CRP,DGCR14,1401,8220,BIOGRID
89,CRP,CRP,RPL13A,1401,23521,BIOGRID
90,CRP,CSRP1,YBX3,1465,8531,BIOGRID
91,CRP,CSRP1,MACF1,1465,23499,BIOGRID
92,CRP,CSRP1,PRKAR2A,1465,5576,BIOGRID
93,CRP,CRP,GMPPA,1401,29926,BIOGRID
94,CRP,SUZ12,CSRP1,23512,1465,BIOGRID
95,CRP,RNF2,CSRP1,6045,1465,BIOGRID
96,CRP,BMI1,CSRP1,648,1465,BIOGRID
97,CRP,ACAA2,CSRP1,10449,1465,BIOGRID
98,CRP,CFL1,CSRP1,1072,1465,BIOGRID
99,CRP,HSPB1,CSRP1,3315,1465,BIOGRID
100,CRP,NUP214,CSRP1,8021,1465,BIOGRID
101,CRP,UFM1,CSRP1,51569,1465,BIOGRID
102,CRP,CSRP1,FUBP3,1465,8939,BIOGRID
103,CRP,CSRP1,TALDO1,1465,6888,BIOGRID
104,CRP,MAPK8IP2,CRP,23542,1401,BIOGRID
105,CRP,ESR1,CSRP1,2099,1465,BIOGRID
106,CRP,CNTRL,CSRP1,11064,1465,BIOGRID
107,CRP,ASCC2,CSRP1,84164,1465,BIOGRID
108,CRP,ASCC1,CSRP1,51008,1465,BIOGRID
109,CRP,TRIP4,CSRP1,9325,1465,BIOGRID
110,CRP,CRP,CHST3,1401,9469,BIOGRID
111,CRP,CRP,LAMA5,1401,3911,BIOGRID
112,CRP,CRP,PRSS23,1401,11098,BIOGRID
113,CRP,CRP,TMEM2,1401,23670,BIOGRID
114,CRP,CRP,AGRN,1401,375790,BIOGRID
115,CRP,CRP,SPTB,1401,6710,BIOGRID
116,CRP,CRP,GDF11,1401,10220,BIOGRID
117,CRP,CRP,C1GALT1,1401,56913,BIOGRID
118,CRP,CRP,UBR3,1401,130507,BIOGRID
119,CRP,CRP,QSOX1,1401,5768,BIOGRID
120,CRP,CRP,COL18A1,1401,80781,BIOGRID
121,CRP,CRP,TIMP3,1401,7078,BIOGRID
122,CRP,CRP,LAMA1,1401,284217,BIOGRID
123,CRP,CRP,CA11,1401,770,BIOGRID
124,CRP,CRP,RPL23,1401,9349,BIOGRID
125,CRP,CRP,NXPE3,1401,91775,BIOGRID
126,CRP,CRP,CNTNAP3,1401,79937,BIOGRID
127,CRP,CRP,PDF,1401,64146,BIOGRID
128,CRP,CRP,PTPRS,1401,5802,BIOGRID
129,CRP,CRP,ST3GAL4,1401,6484,BIOGRID
130,CRP,CRP,LAMB1,1401,3912,BIOGRID
131,CRP,CRP,B4GALT7,1401,11285,BIOGRID
132,CRP,CRP,EXT1,1401,2131,BIOGRID
133,CRP,CRP,CHST12,1401,55501,BIOGRID
134,CRP,CRP,B4GALT5,1401,9334,BIOGRID
135,CRP,CRP,STRBP,1401,55342,BIOGRID
136,CRP,CRP,NDST2,1401,8509,BIOGRID
137,CRP,CRP,HS6ST1,1401,9394,BIOGRID
138,CRP,CRP,B4GALT3,1401,8703,BIOGRID
139,CRP,CRP,RPL26L1,1401,51121,BIOGRID
140,CRP,CRP,STC2,1401,8614,BIOGRID
141,CRP,CRP,COL4A2,1401,1284,BIOGRID
142,CRP,CRP,LAMB2,1401,3913,BIOGRID
143,CRP,CRP,IMPAD1,1401,54928,BIOGRID
144,CRP,Myo10A,crp,32028,34956,FLYBASE
145,CRP,crp,Myo10A,34956,32028,FLYBASE
146,CRP,Hspb2,Crip2,69253,68337,BIOGRID
147,CRP,brnQ,crp,12930825,12933934,BIOGRID
148,CRP,cls,crp,12931118,12933934,BIOGRID
149,CRP,copA,crp,12932342,12933934,BIOGRID
150,CRP,lgt,crp,12934282,12933934,BIOGRID
151,CRP,lolD,crp,12931094,12933934,BIOGRID
152,CRP,yfgF,crp,12931591,12933934,BIOGRID
153,CRP,yebQ,crp,12930161,12933934,BIOGRID
154,CRP,crp,yicJ,12933934,12932982,BIOGRID
155,CRP,crp,dppA,12933934,12930534,BIOGRID
156,CRP,crp,fecB,12933934,12932568,BIOGRID
157,CRP,ybiO,crp,12931830,12933934,BIOGRID
158,CRP,ushA,crp,12930849,12933934,BIOGRID
159,CRP,napB,crp,12933230,12933934,BIOGRID
160,CRP,napA,crp,12933227,12933934,BIOGRID
161,CRP,yojL,crp,12932928,12933934,BIOGRID
162,CRP,TES,CSRP1,26136,1465,BIOGRID
163,CTLA4,CTLA4,CD80,1493,941,BIOGRID
164,CTLA4,AP2M1,CTLA4,1173,1493,BIOGRID
165,CTLA4,CTLA4,CD86,1493,942,BIOGRID
166,CTLA4,Ctla4,Ap2m1,12477,11773,BIOGRID
167,CTLA4,Ctla4,Ap2m1,12477,11773,BIOGRID
168,CTLA4,Ctla4,Ap2m1,12477,11773,BIOGRID
169,CTLA4,CD80,CTLA4,941,1493,BIOGRID
170,CTLA4,CTLA4,FYN,1493,2534,BIOGRID
171,CTLA4,CTLA4,LCK,1493,3932,BIOGRID
172,CTLA4,CTLA4,LYN,1493,4067,BIOGRID
173,CTLA4,CTLA4,PPP2R5A,1493,5525,BIOGRID
174,CTLA4,CTLA4,PPP2R5A,1493,5525,BIOGRID
175,CTLA4,CTLA4,AP2M1,1493,1173,BIOGRID
176,CTLA4,CTLA4,AP2M1,1493,1173,BIOGRID
177,CTLA4,CTLA4,AP2M1,1493,1173,BIOGRID
178,CTLA4,CTLA4,JAK2,1493,3717,BIOGRID
179,CTLA4,ELAVL1,CTLA4,1994,1493,BIOGRID
180,CTLA4,CD80,CTLA4,941,1493,BIOGRID
181,CTLA4,CTLA4,CD86,1493,942,BIOGRID
182,CTLA4,CTLA4,CD80,1493,941,BIOGRID
183,CTLA4,CTLA4,AP2M1,1493,1173,BIOGRID
184,CTLA4,CD86,CTLA4,942,1493,BIOGRID
185,CTLA4,FYN,CTLA4,2534,1493,BIOGRID
186,CTLA4,STAT5A,CTLA4,6776,1493,BIOGRID
187,CTLA4,STAT5B,CTLA4,6777,1493,BIOGRID
188,DNASE1,CG12171,DNaseII,40690,48228,BIOGRID
189,DNASE1,DNaseII,Rrp47,48228,32558,BIOGRID
190,DNASE1,Best1,DNaseII,53431,48228,BIOGRID
191,DNASE1,DNaseII,TpnC73F,48228,39916,BIOGRID
192,DNASE1,ACTA1,DNASE1,58,1773,BIOGRID
193,DNASE1,DNaseII,regucalcin,48228,32165,BIOGRID
194,DNASE1,awd,DNaseII,43739,48228,BIOGRID
195,DNASE1,Drep-1,DNaseII,36290,48228,FLYBASE
196,DNASE1,DNaseII,eya,48228,33916,FLYBASE
197,DNASE1,DNaseII,Drep-1,48228,36290,FLYBASE
198,DNASE1,DNaseII,Drep-1,48228,36290,FLYBASE
199,DNASE1,TRIM25,DNASE1,7706,1773,BIOGRID
200,FCGR2B,FCGR2B,SHC1,2213,6464,BIOGRID
201,FCGR2B,FCGR2B,PTPN11,2213,5781,BIOGRID
202,FCGR2B,Trim21,Fcgr2b,20821,14130,BIOGRID
203,FCGR2B,Trim21,Fcgr2b,20821,14130,BIOGRID
204,FCGR2B,Inpp5d,Fcgr2b,54259,289211,BIOGRID
205,FCGR2B,Fcgr2b,Dok1,14130,13448,BIOGRID
206,FCGR2B,FCGR2B,FCGR2A,2213,2212,BIOGRID
207,FCGR2B,FCGR2B,MARS2,2213,92935,BIOGRID
208,FCGR2B,FCGR2B,GSK3A,2213,2931,BIOGRID
209,FCGR2B,FCGR2B,GSK3A,2213,2931,BIOGRID
210,FCGR2B,FCGR2B,FCGR2A,2213,2212,BIOGRID
211,FCGR2B,FCGR2B,MARS2,2213,92935,BIOGRID
212,IRF5,IRF3,IRF5,3661,3663,BIOGRID
213,IRF5,IRF5,TRIM15,3663,89870,BIOGRID
214,IRF5,Irf5,Zfp764,27056,233893,BIOGRID
215,IRF5,NCOR1,IRF5,9611,3663,BIOGRID
216,IRF5,HDAC1,IRF5,3065,3663,BIOGRID
217,IRF5,SIN3A,IRF5,25942,3663,BIOGRID
218,IRF5,NCOR2,IRF5,9612,3663,BIOGRID
219,IRF5,EP300,IRF5,2033,3663,BIOGRID
220,IRF5,CREBBP,IRF5,1387,3663,BIOGRID
221,IRF5,KAT2B,IRF5,8850,3663,BIOGRID
222,IRF5,IRF5,SIN3A,3663,25942,BIOGRID
223,IRF5,IRF5,NCOR2,3663,9612,BIOGRID
224,IRF5,IRF5,HDAC1,3663,3065,BIOGRID
225,IRF5,IRF5,EP300,3663,2033,BIOGRID
226,IRF5,IRF5,CREBBP,3663,1387,BIOGRID
227,IRF5,IRF5,ALPI,3663,248,BIOGRID
228,IRF5,IRF5,ALPI,3663,248,BIOGRID
229,IRF5,ALPI,IRF5,248,3663,BIOGRID
230,IRF5,IRF5,ALPI,3663,248,BIOGRID
231,IRF5,CHUK,IRF5,1147,3663,BIOGRID
232,IRF5,IRF5,CEP152,3663,22995,BIOGRID
233,IRF5,IRF5,GPS1,3663,2873,BIOGRID
234,IRF5,IRF5,GRB2,3663,2885,BIOGRID
235,IRF5,IRF5,GTPBP1,3663,9567,BIOGRID
236,IRF5,IRF5,GTPBP2,3663,54676,BIOGRID
237,IRF5,IRF5,HIVEP1,3663,3096,BIOGRID
238,IRF5,IRF5,MAVS,3663,57506,BIOGRID
239,IRF5,IRF5,PPM1G,3663,5496,BIOGRID
240,IRF5,IRF5,RGS3,3663,5998,BIOGRID
241,IRF5,IRF6,IRF5,3664,3663,BIOGRID
242,IRF5,IRF5,MAVS,3663,57506,BIOGRID
243,IRF5,Irf5,Ubc,27056,22190,BIOGRID
244,IRF5,Ubc,Irf5,22190,27056,BIOGRID
245,IRF5,Irf5,Traf6,27056,22034,BIOGRID
246,IRF5,Traf6,Irf5,22034,27056,BIOGRID
247,IRF5,Irak1,Irf5,16179,27056,BIOGRID
248,IRF5,MYD88,IRF5,4615,3663,BIOGRID
249,IRF5,MYD88,IRF5,4615,3663,BIOGRID
250,IRF5,TRAF6,IRF5,7189,3663,BIOGRID
251,IRF5,IRF5,COPS7B,3663,64708,BIOGRID
252,IRF5,IRF5,GPS1,3663,2873,BIOGRID
253,IRF5,IRF5,COPS2,3663,9318,BIOGRID
254,IRF5,IRF5,COPS3,3663,8533,BIOGRID
255,IRF5,IRF5,COPS4,3663,51138,BIOGRID
256,IRF5,IRF5,COPS5,3663,10987,BIOGRID
257,IRF5,IRF5,COPS6,3663,10980,BIOGRID
258,IRF5,IRF5,COPS7B,3663,64708,BIOGRID
259,IRF5,IRF5,COPS8,3663,10920,BIOGRID
260,IRF5,IRF5,SGTA,3663,6449,BIOGRID
261,IRF5,IRF5,SGTA,3663,6449,BIOGRID
262,IRF5,TRIM21,IRF5,6737,3663,BIOGRID
263,IRF5,TRIM21,IRF5,6737,3663,BIOGRID
264,IRF5,CEP152,IRF5,22995,3663,BIOGRID
265,IRF5,xpo1,irf5,399087,494760,BIOGRID
266,IRF5,IRF5,BIRC3,3663,330,BIOGRID
267,ITGAM,PRTN3,ITGAM,5657,3684,BIOGRID
268,ITGAM,AUP1,ITGAM,550,3684,BIOGRID
269,ITGAM,PLAUR,ITGAM,5329,3684,BIOGRID
270,ITGAM,ITGAM,IRAK1,3684,3654,BIOGRID
271,ITGAM,ITGAM,ICAM1,3684,3383,BIOGRID
272,ITGAM,ITGAM,JAM3,3684,83700,BIOGRID
273,ITGAM,RAD21,ITGAM,5885,3684,BIOGRID
274,ITGAM,ITGAM,BCAP31,3684,10134,BIOGRID
275,ITGAM,BCAP31,ITGAM,10134,3684,BIOGRID
276,ITGAM,ITGAM,BCAP31,3684,10134,BIOGRID
277,ITGAM,ITGAM,SHARPIN,3684,81858,BIOGRID
278,ITGAM,BCAP31,ITGAM,10134,3684,BIOGRID
279,ITGAM,LMNA,ITGAM,4000,3684,BIOGRID
280,LTK,RAF1,LTK,5894,4058,BIOGRID
281,LTK,LTK,PLCG1,4058,5335,BIOGRID
282,LTK,LTK,PIK3R1,4058,5295,BIOGRID
283,LTK,LTK,CBL,4058,867,BIOGRID
284,LTK,PIK3R1,LTK,5295,4058,BIOGRID
285,LTK,PTPN1,LTK,5770,4058,BIOGRID
286,LTK,TNK2,LTK,10188,4058,BIOGRID
287,LTK,ERRFI1,LTK,54206,4058,BIOGRID
288,LTK,MUS81,LTK,80198,4058,BIOGRID
289,LTK,EGFR,LTK,1956,4058,BIOGRID
290,LTK,LTK,EGFR,4058,1956,BIOGRID
291,LTK,GRB2,LTK,2885,4058,BIOGRID
292,LTK,LTK,SHC1,4058,6464,BIOGRID
293,LTK,SHC1,LTK,6464,4058,BIOGRID
294,LTK,LTK,DUSP6,4058,1848,BIOGRID
295,LTK,LTK,MTMR14,4058,64419,BIOGRID
296,NCF2,NCF2,NCF4,4688,4689,BIOGRID
297,NCF2,NCF2,NCF4,4688,4689,BIOGRID
298,NCF2,NCF2,NCF1,4688,653361,BIOGRID
299,NCF2,NCF2,NCF4,4688,4689,BIOGRID
300,NCF2,NCF2,RAC1,4688,5879,BIOGRID
301,NCF2,NCF2,RAC2,4688,5880,BIOGRID
302,NCF2,NCF1,NCF2,653361,4688,BIOGRID
303,NCF2,NCF1,NCF2,653361,4688,BIOGRID
304,NCF2,NCF2,PRDX6,4688,9588,BIOGRID
305,NCF2,PRDX6,NCF2,9588,4688,BIOGRID
306,NCF2,NCF2,RAC2,4688,5880,BIOGRID
307,NCF2,NCF2,RAC1,4688,5879,BIOGRID
308,NCF2,NCF2,CDC42,4688,998,BIOGRID
309,NCF2,NCF2,CYBA,4688,1535,BIOGRID
310,NCF2,NCF1,NCF2,653361,4688,BIOGRID
311,NCF2,NCF2,CYBA,4688,1535,BIOGRID
312,NCF2,NCF1,NCF2,653361,4688,BIOGRID
313,NCF2,NCF4,NCF2,4689,4688,BIOGRID
314,NCF2,SYTL1,NCF2,84958,4688,BIOGRID
315,NCF2,PRKDC,NCF2,5591,4688,BIOGRID
316,NCF2,NCF2,NCF1,4688,653361,BIOGRID
317,NCF2,NCF1,NCF2,653361,4688,BIOGRID
318,NCF2,NCF2,RAC1,4688,5879,BIOGRID
319,NCF2,NCF2,NCF4,4688,4689,BIOGRID
320,NCF2,NCF2,NCF4,4688,4689,BIOGRID
321,NCF2,NCF1,NCF2,653361,4688,BIOGRID
322,NCF2,NCF2,TRAF4,4688,9618,BIOGRID
323,NCF2,NCF4,NCF2,4689,4688,BIOGRID
324,NCF2,NCF4,NCF2,4689,4688,BIOGRID
325,NCF2,NCF2,NCF4,4688,4689,BIOGRID
326,NCF2,NCF2,GNAI1,4688,2770,BIOGRID
327,NCF2,NCF2,GNAI2,4688,2771,BIOGRID
328,NCF2,NCF2,GNAI3,4688,2773,BIOGRID
329,NCF2,GNAI2,NCF2,2771,4688,BIOGRID
330,NCF2,NCF2,GNB1,4688,2782,BIOGRID
331,NCF2,NCF2,NCF4,4688,4689,BIOGRID
332,NCF2,NCF2,NCF1,4688,653361,BIOGRID
333,NCF2,NCF1,NCF2,653361,4688,BIOGRID
334,NCF2,GNAI1,NCF2,2770,4688,BIOGRID
335,NCF2,S100A8,NCF2,6279,4688,BIOGRID
336,NCF2,S100A9,NCF2,6280,4688,BIOGRID
337,NCF2,NCF2,RAC1,4688,5879,BIOGRID
338,NCF2,GOLGA2,NCF2,2801,4688,BIOGRID
339,NCF2,NCF2,KIFAP3,4688,22920,BIOGRID
340,NCF2,KIFAP3,NCF2,22920,4688,BIOGRID
341,NCF2,Ncf2,Prdx6,17970,11758,BIOGRID
342,NCF2,Ncf2,Prdx6,17970,11758,BIOGRID
343,NCF2,Ncf2,Prdx6,17970,11758,BIOGRID
344,NCF2,PLA2G4A,NCF2,5321,4688,BIOGRID
345,NCF2,NCF2,PLA2G4A,4688,5321,BIOGRID
346,NCF2,PLA2G4A,NCF2,5321,4688,BIOGRID
347,NCF2,NCF2,CAMSAP3,4688,57662,BIOGRID
348,NCF2,NCF2,BPGM,4688,669,BIOGRID
349,NCF2,TARDBP,NCF2,23435,4688,BIOGRID
350,NCF2,NCF2,USP47,4688,55031,BIOGRID
351,NCF2,NCF2,TBC1D4,4688,9882,BIOGRID
352,NCF2,Fancd2,Ncf2,211651,17970,BIOGRID
353,PDCD1,PDCD1,PDCD1LG2,5133,80380,BIOGRID
354,PDCD1,PDCD1,SOCS1,5133,8651,BIOGRID
355,PDCD1,CD274,PDCD1,29126,5133,BIOGRID
356,PDCD1,PDCD1,CD274,5133,29126,BIOGRID
357,PDCD1,PDCD1,C20orf24,5133,55969,BIOGRID
358,PDCD1,PDCD1,POP5,5133,51367,BIOGRID
359,PDCD1,PDCD1,SFXN3,5133,81855,BIOGRID
360,PDCD1,PDCD1,SLC25A23,5133,79085,BIOGRID
361,PDCD1,PDCD1,DAGLB,5133,221955,BIOGRID
362,PDCD1,PDCD1,SMDT1,5133,91689,BIOGRID
363,PDCD1,PDCD1,RHBDF2,5133,79651,BIOGRID
364,PDCD1,PDCD1,DENND6A,5133,201627,BIOGRID
365,PDCD1,PDCD1,SLC25A28,5133,81894,BIOGRID
366,PDCD1,PDCD1,INTS4,5133,92105,BIOGRID
367,PDCD1,PDCD1,C4orf29,5133,80167,BIOGRID
368,PDCD1,PDCD1,FAM127A,5133,8933,BIOGRID
369,PDCD1,PDCD1,INTS7,5133,25896,BIOGRID
370,PDCD1,PDCD1,SLC25A16,5133,8034,BIOGRID
371,PDCD1,PDCD1,DCP2,5133,167227,BIOGRID
372,PDCD1,PDCD1,PNPLA6,5133,10908,BIOGRID
373,PDCD1,PDCD1,WDFY3,5133,23001,BIOGRID
374,PDCD1,PDCD1,DAD1,5133,1603,BIOGRID
375,PDCD1,PDCD1,CCRN4L,5133,25819,BIOGRID
376,PDCD1,PDCD1,SLC25A46,5133,91137,BIOGRID
377,PDCD1,PDCD1,ACP2,5133,53,BIOGRID
378,PDCD1,PDCD1,FAM3C,5133,10447,BIOGRID
379,PDCD1,PDCD1,TMEM223,5133,79064,BIOGRID
380,PDCD1,PDCD1,XPR1,5133,9213,BIOGRID
381,PDCD1,PDCD1,SH3BP4,5133,23677,BIOGRID
382,PDCD1,PDCD1,NAV1,5133,89796,BIOGRID
383,PDCD1,PDCD1,PTPN9,5133,5780,BIOGRID
384,PDCD1,PDCD1,ARF6,5133,382,BIOGRID
385,PDCD1,PDCD1,PTPN11,5133,5781,BIOGRID
386,PDCD1,PDCD1,SLC25A15,5133,10166,BIOGRID
387,PDCD1,PDCD1,SPPL3,5133,121665,BIOGRID
388,PDCD1,PDCD1,GALNT11,5133,63917,BIOGRID
389,PDCD1,PDCD1,SLC25A6,5133,293,BIOGRID
390,PDCD1,PDCD1,CHPT1,5133,56994,BIOGRID
391,PDCD1,PDCD1,RPTOR,5133,57521,BIOGRID
392,PDCD1,PDCD1,TUBGCP4,5133,27229,BIOGRID
393,PDCD1,PDCD1,ARL5B,5133,221079,BIOGRID
394,PDCD1,PDCD1,GK,5133,2710,BIOGRID
395,PDCD1,PDCD1,TMEM126B,5133,55863,BIOGRID
396,PDCD1,PDCD1,MCU,5133,90550,BIOGRID
397,PDCD1,PDCD1,XPO7,5133,23039,BIOGRID
398,PDCD1,PDCD1,ARFGEF2,5133,10564,BIOGRID
399,PDCD1,PDCD1,BMPR1A,5133,657,BIOGRID
400,PDCD1,PDCD1,HEATR6,5133,63897,BIOGRID
401,PDCD1,PDCD1,LGR4,5133,55366,BIOGRID
402,PDCD1,PDCD1,SLC26A6,5133,65010,BIOGRID
403,PDCD1,PDCD1,RTEL1,5133,51750,BIOGRID
404,PDCD1,PDCD1,TMEM184B,5133,25829,BIOGRID
405,PTPN22,PTPN22,GRB2,26191,2885,BIOGRID
406,PTPN22,PTPN22,SPTA1,26191,6708,BIOGRID
407,PTPN22,PTPN22,VCP,26191,7415,BIOGRID
408,PTPN22,PTPN22,VAV1,26191,7409,BIOGRID
409,PTPN22,PTPN22,ZAP70,26191,7535,BIOGRID
410,PTPN22,PTPN22,LCK,26191,3932,BIOGRID
411,PTPN22,PTPN22,ACTA1,26191,58,BIOGRID
412,PTPN22,PTPN22,CD3E,26191,916,BIOGRID
413,PTPN22,PTPN22,ZAP70,26191,7535,BIOGRID
414,PTPN22,PTPN22,LCK,26191,3932,BIOGRID
415,PTPN22,PTPN22,CD3E,26191,916,BIOGRID
416,PTPN22,PTPN22,CD247,26191,919,BIOGRID
417,PTPN22,PTPN22,CBL,26191,867,BIOGRID
418,PTPN22,EGFR,PTPN22,1956,26191,BIOGRID
419,PTPN22,SRPK2,PTPN22,6733,26191,BIOGRID
420,PTPN22,CLK1,PTPN22,1195,26191,BIOGRID
421,PTPN22,EGFR,PTPN22,1956,26191,BIOGRID
422,PTPN22,EGFR,PTPN22,1956,26191,BIOGRID
423,PTPN22,PTPN22,PSTPIP2,26191,9050,BIOGRID
424,PTPN22,PTPN22,TBC1D31,26191,93594,BIOGRID
425,PTPN22,PTPN22,KIF7,26191,374654,BIOGRID
426,PTPN22,PTPN22,CSK,26191,1445,BIOGRID
427,PTPN22,PTPN22,LZTS2,26191,84445,BIOGRID
428,PTPN22,PTPN22,CEP131,26191,22994,BIOGRID
429,PTPN22,PTPN22,PIBF1,26191,10464,BIOGRID
430,PTPN22,PTPN22,KIAA0753,26191,9851,BIOGRID
431,PTPN22,PTPN22,MIB1,26191,57534,BIOGRID
432,PTPN22,PTPN22,MED4,26191,29079,BIOGRID
433,PTPN22,PTPN22,SSX2IP,26191,117178,BIOGRID
434,PTPN22,PTPN22,CCDC138,26191,165055,BIOGRID
435,PTPN22,PTPN22,PSTPIP2,26191,9050,BIOGRID
436,PTPN22,PTPN22,CSK,26191,1445,BIOGRID
437,PTPN22,PTPN22,MAD2L1BP,26191,9587,BIOGRID
438,PTPN22,PTPN22,NDUFB10,26191,4716,BIOGRID
439,PTPN22,PTPN22,PRKAR2A,26191,5576,BIOGRID
440,PTPN22,PTPN22,AKR7A2,26191,8574,BIOGRID
441,PTPN22,PTPN22,NDUFA9,26191,4704,BIOGRID
442,PTPN22,PTPN22,CALR,26191,811,BIOGRID
443,PTPN22,PTPN22,CALU,26191,813,BIOGRID
444,PTPN22,PTPN22,SLC25A19,26191,60386,BIOGRID
445,PTPN22,PTPN22,SDF4,26191,51150,BIOGRID
446,PTPN22,PTPN22,C2orf47,26191,79568,BIOGRID
447,PTPN22,PTPN22,RPS19BP1,26191,91582,BIOGRID
448,PTPN22,PTPN22,SFXN4,26191,119559,BIOGRID
449,PTPN22,PTPN22,EIF3E,26191,3646,BIOGRID
450,PTPN22,PTPN22,HSPB1,26191,3315,BIOGRID
451,PTPN22,PTPN22,RCN1,26191,5954,BIOGRID
452,PTPN22,PTPN22,ACAD8,26191,27034,BIOGRID
453,PTPN22,PTPN22,GLUD1,26191,2746,BIOGRID
454,PTPN22,PTPN22,HAX1,26191,10456,BIOGRID
455,PTPN22,PTPN22,SCO2,26191,9997,BIOGRID
456,RASGRP1,PPM1B,RASGRP1,5495,10125,BIOGRID
457,RASGRP1,VHL,RASGRP1,7428,10125,BIOGRID
458,RASGRP1,DGKZ,RASGRP1,8525,10125,BIOGRID
459,RASGRP1,ABCB8,RASGRP1,11194,10125,BIOGRID
460,RIPK1,RIPK3,RIPK1,11035,8737,BIOGRID
461,RIPK1,TICAM1,RIPK1,148022,8737,BIOGRID
462,RIPK1,RIPK1,TICAM1,8737,148022,BIOGRID
463,RIPK1,TRPC4AP,RIPK1,26133,8737,BIOGRID
464,RIPK1,FAS,RIPK1,355,8737,BIOGRID
465,RIPK1,RIPK1,CRADD,8737,8738,BIOGRID
466,RIPK1,TRAF2,RIPK1,7186,8737,BIOGRID
467,RIPK1,RIPK1,FADD,8737,8772,BIOGRID
468,RIPK1,RIPK1,RNF216,8737,54476,BIOGRID
469,RIPK1,RNF216,RIPK1,54476,8737,BIOGRID
470,RIPK1,RIPK1,TNFRSF1A,8737,7132,BIOGRID
471,RIPK1,TNFRSF10B,RIPK1,8795,8737,BIOGRID
472,RIPK1,RIPK1,IKBKG,8737,8517,BIOGRID
473,RIPK1,RIPK1,TRAF5,8737,7188,BIOGRID
474,RIPK1,TRAF2,RIPK1,7186,8737,BIOGRID
475,RIPK1,CFLAR,RIPK1,8837,8737,BIOGRID
476,RIPK1,SQSTM1,RIPK1,8878,8737,BIOGRID
477,RIPK1,SQSTM1,RIPK1,8878,8737,BIOGRID
478,RIPK1,RIPK1,SQSTM1,8737,8878,BIOGRID
479,RIPK1,CASP8,RIPK1,841,8737,BIOGRID
480,RIPK1,CASP10,RIPK1,843,8737,BIOGRID
481,RIPK1,CFLAR,RIPK1,8837,8737,BIOGRID
482,RIPK1,CRADD,RIPK1,8738,8737,BIOGRID
483,RIPK1,TNFRSF1A,RIPK1,7132,8737,BIOGRID
484,RIPK1,EGFR,RIPK1,1956,8737,BIOGRID
485,RIPK1,MAP3K14,RIPK1,9020,8737,BIOGRID
486,RIPK1,RIPK3,RIPK1,11035,8737,BIOGRID
487,RIPK1,TRADD,RIPK1,8717,8737,BIOGRID
488,RIPK1,TRADD,RIPK1,8717,8737,BIOGRID
489,RIPK1,TRAF1,RIPK1,7185,8737,BIOGRID
490,RIPK1,TRAF2,RIPK1,7186,8737,BIOGRID
491,RIPK1,TRAF3,RIPK1,7187,8737,BIOGRID
492,RIPK1,RIPK1,TRADD,8737,8717,BIOGRID
493,RIPK1,RIPK1,TRAF2,8737,7186,BIOGRID
494,RIPK1,TNFRSF1A,RIPK1,7132,8737,BIOGRID
495,RIPK1,RIPK1,TRAF2,8737,7186,BIOGRID
496,RIPK1,RNF11,RIPK1,26994,8737,BIOGRID
497,RIPK1,RIPK1,TNFAIP3,8737,7128,BIOGRID
498,RIPK1,RIPK1,RNF11,8737,26994,BIOGRID
499,RIPK1,RIPK1,TAX1BP1,8737,8887,BIOGRID
500,RIPK1,ITCH,RIPK1,83737,8737,BIOGRID
501,RIPK1,CASP8,RIPK1,841,8737,BIOGRID
502,RIPK1,TNFRSF1A,RIPK1,7132,8737,BIOGRID
503,RIPK1,TNFRSF1A,RIPK1,7132,8737,BIOGRID
504,RIPK1,TNFRSF1A,RIPK1,7132,8737,BIOGRID
505,RIPK1,Tnf,Ripk1,21926,19766,BIOGRID
506,RIPK1,RIPK1,BIRC2,8737,329,BIOGRID
507,RIPK1,RIPK1,BIRC3,8737,330,BIOGRID
508,RIPK1,RIPK1,MAP3K7,8737,6885,BIOGRID
509,RIPK1,CASP8,RIPK1,841,8737,BIOGRID
510,RIPK1,BIRC2,RIPK1,329,8737,BIOGRID
511,RIPK1,BIRC3,RIPK1,330,8737,BIOGRID
512,RIPK1,RIPK1,TAB2,8737,23118,BIOGRID
513,RIPK1,Cyld,Ripk1,74256,19766,BIOGRID
514,RIPK1,RIPK1,CYLD,8737,1540,BIOGRID
515,RIPK1,Ripk1,Ikbkg,19766,16151,BIOGRID
516,RIPK1,RNF216,RIPK1,54476,8737,BIOGRID
517,RIPK1,TNFRSF1A,RIPK1,7132,8737,BIOGRID
518,RIPK1,RIPK1,RNF216,8737,54476,BIOGRID
519,RIPK1,RIPK1,HSP90AA1,8737,3320,BIOGRID
520,RIPK1,RIPK1,MAP3K7,8737,6885,BIOGRID
521,RIPK1,RIPK1,IKBKG,8737,8517,BIOGRID
522,RIPK1,PIDD1,RIPK1,55367,8737,BIOGRID
523,RIPK1,RIPK1,CDC42BPB,8737,9578,BIOGRID
524,RIPK1,BIRC2,RIPK1,329,8737,BIOGRID
525,RIPK1,TNFAIP3,RIPK1,7128,8737,BIOGRID
526,RIPK1,TNFAIP3,RIPK1,7128,8737,BIOGRID
527,RIPK1,TNFAIP3,RIPK1,7128,8737,BIOGRID
528,RIPK1,TNF,RIPK1,7124,8737,BIOGRID
529,RIPK1,USP21,RIPK1,27005,8737,BIOGRID
530,RIPK1,RIPK1,USP21,8737,27005,BIOGRID
531,RIPK1,Sqstm1,Ripk1,18412,19766,BIOGRID
532,RIPK1,RIPK1,TRAF2,8737,7186,BIOGRID
533,RIPK1,CASP8,RIPK1,841,8737,BIOGRID
534,RIPK1,RIPK1,PELI1,8737,57162,BIOGRID
535,RIPK1,RIPK1,TICAM1,8737,148022,BIOGRID
536,RIPK1,PELI1,RIPK1,57162,8737,BIOGRID
537,RIPK1,TNF,RIPK1,7124,8737,BIOGRID
538,RIPK1,TNF,RIPK1,7124,8737,BIOGRID
539,RIPK1,TRAF2,RIPK1,7186,8737,BIOGRID
540,RIPK1,TRADD,RIPK1,8717,8737,BIOGRID
541,RIPK1,TAB2,RIPK1,23118,8737,BIOGRID
542,RIPK1,IKBKG,RIPK1,8517,8737,BIOGRID
543,RIPK1,TRAF2,RIPK1,7186,8737,BIOGRID
544,RIPK1,TRAF2,RIPK1,7186,8737,BIOGRID
545,RIPK1,TNFRSF1A,RIPK1,7132,8737,BIOGRID
546,RIPK1,FADD,RIPK1,8772,8737,BIOGRID
547,RIPK1,TRAF2,RIPK1,7186,8737,BIOGRID
548,RIPK1,OPTN,RIPK1,10133,8737,BIOGRID
549,RIPK1,CYLD,RIPK1,1540,8737,BIOGRID
550,RIPK1,BIRC2,RIPK1,329,8737,BIOGRID
551,RIPK1,BIRC3,RIPK1,330,8737,BIOGRID
552,RIPK1,RIPK1,BIRC2,8737,329,BIOGRID
553,RIPK1,TNFRSF1A,RIPK1,7132,8737,BIOGRID
554,RIPK1,IKBKG,RIPK1,8517,8737,BIOGRID
555,RIPK1,TNFRSF1A,RIPK1,7132,8737,BIOGRID
556,RIPK1,CASP8,RIPK1,841,8737,BIOGRID
557,RIPK1,TNFRSF1A,RIPK1,7132,8737,BIOGRID
558,RIPK1,CASP8,RIPK1,841,8737,BIOGRID
559,RIPK1,BIRC2,RIPK1,329,8737,BIOGRID
560,RIPK1,BIRC3,RIPK1,330,8737,BIOGRID
561,RIPK1,XIAP,RIPK1,331,8737,BIOGRID
562,RIPK1,BIRC2,RIPK1,329,8737,BIOGRID
563,RIPK1,BIRC3,RIPK1,330,8737,BIOGRID
564,RIPK1,BIRC2,RIPK1,329,8737,BIOGRID
565,RIPK1,BIRC3,RIPK1,330,8737,BIOGRID
566,RIPK1,Tnf,Ripk1,21926,19766,BIOGRID
567,RIPK1,CASP8,RIPK1,841,8737,BIOGRID
568,RIPK1,TNFRSF1A,RIPK1,7132,8737,BIOGRID
569,RIPK1,RIPK1,FADD,8737,8772,BIOGRID
570,RIPK1,RIPK1,CASP8,8737,841,BIOGRID
571,RIPK1,TNF,RIPK1,7124,8737,BIOGRID
572,RIPK1,KHDRBS1,RIPK1,10657,8737,BIOGRID
573,RIPK1,Khdrbs1,Ripk1,20218,19766,BIOGRID
574,RIPK1,FADD,RIPK1,8772,8737,BIOGRID
575,RIPK1,KHDRBS1,RIPK1,10657,8737,BIOGRID
576,RIPK1,TNF,RIPK1,7124,8737,BIOGRID
577,RIPK1,IKBKG,RIPK1,8517,8737,BIOGRID
578,RIPK1,RIPK3,RIPK1,11035,8737,BIOGRID
579,RIPK1,USP2,RIPK1,9099,8737,BIOGRID
580,RIPK1,TNFRSF1A,RIPK1,7132,8737,BIOGRID
581,RIPK1,RIPK1,USP2,8737,9099,BIOGRID
582,RIPK1,USP2,RIPK1,9099,8737,BIOGRID
583,RIPK1,CASP8,RIPK1,841,8737,BIOGRID
584,RIPK1,TNF,RIPK1,7124,8737,BIOGRID
585,RIPK1,TNFRSF1A,RIPK1,7132,8737,BIOGRID
586,RIPK1,TNFRSF25,RIPK1,8718,8737,BIOGRID
587,RIPK1,Traf2,Ripk1,22030,19766,BIOGRID
588,RIPK1,Rnf11,Ripk1,29864,19766,BIOGRID
589,RIPK1,Ripk1,Tnfaip3,19766,21929,BIOGRID
590,RIPK1,Tnfaip3,Ripk1,21929,19766,BIOGRID
591,RIPK1,NOD2,RIPK1,64127,8737,BIOGRID
592,RIPK1,RIPK2,RIPK1,8767,8737,BIOGRID
593,RIPK1,IKBKG,RIPK1,8517,8737,BIOGRID
594,RIPK1,IKBKG,RIPK1,8517,8737,BIOGRID
595,RIPK1,Tnfrsf1a,Ripk1,21937,19766,BIOGRID
596,RIPK1,RIPK1,TAX1BP1,8737,8887,BIOGRID
597,RIPK1,RIPK1,TNFAIP3,8737,7128,BIOGRID
598,RIPK1,Ripk1,Tnfaip3,19766,21929,BIOGRID
599,RIPK1,Ripk1,Itch,19766,16396,BIOGRID
600,RIPK1,Ripk1,Traf6,19766,22034,BIOGRID
601,RIPK1,IKBKG,RIPK1,8517,8737,BIOGRID
602,RIPK1,RIPK1,CASP8,8737,841,BIOGRID
603,RIPK1,RIPK1,FADD,8737,8772,BIOGRID
604,RIPK1,TAB2,RIPK1,23118,8737,BIOGRID
605,RIPK1,RIPK1,IKBKG,8737,8517,BIOGRID
606,RIPK1,RIPK1,MAP3K7,8737,6885,BIOGRID
607,RIPK1,RIPK1,IKBKB,8737,3551,BIOGRID
608,RIPK1,MAP3K7,RIPK1,6885,8737,BIOGRID
609,RIPK1,RIPK1,MAP3K7,8737,6885,BIOGRID
610,RIPK1,TNFRSF1A,RIPK1,7132,8737,BIOGRID
611,RIPK1,RBCK1,RIPK1,10616,8737,BIOGRID
612,RIPK1,USP4,RIPK1,7375,8737,BIOGRID
613,RIPK1,TNFRSF1A,RIPK1,7132,8737,BIOGRID
614,RIPK1,TNFRSF1A,RIPK1,7132,8737,BIOGRID
615,RIPK1,TLR3,RIPK1,7098,8737,BIOGRID
616,RIPK1,RIPK1,TAB2,8737,23118,BIOGRID
617,RIPK1,FADD,RIPK1,8772,8737,BIOGRID
618,RIPK1,TNFRSF1A,RIPK1,7132,8737,BIOGRID
619,RIPK1,CYLD,RIPK1,1540,8737,BIOGRID
620,RIPK1,CCDC50,RIPK1,152137,8737,BIOGRID
621,RIPK1,UBE2N,RIPK1,7334,8737,BIOGRID
622,RIPK1,IKBKG,RIPK1,8517,8737,BIOGRID
623,RIPK1,RIPK1,CLIP3,8737,25999,BIOGRID
624,RIPK1,FADD,RIPK1,8772,8737,BIOGRID
625,RIPK1,Fadd,Ripk1,14082,19766,BIOGRID
626,RIPK1,Ikbkg,Ripk1,16151,19766,BIOGRID
627,RIPK1,TRAF2,RIPK1,7186,8737,BIOGRID
628,RIPK1,MAP3K3,RIPK1,4215,8737,BIOGRID
629,RIPK1,TRADD,RIPK1,8717,8737,BIOGRID
630,RIPK1,RIPK1,DAB2IP,8737,153090,BIOGRID
631,RIPK1,TNFRSF1B,RIPK1,7133,8737,BIOGRID
632,RIPK1,TRAF1,RIPK1,7185,8737,BIOGRID
633,RIPK1,RIPK1,DAB2IP,8737,153090,BIOGRID
634,RIPK1,RIPK1,IKBKG,8737,8517,BIOGRID
635,RIPK1,RIPK1,ANXA1,8737,301,BIOGRID
636,RIPK1,ANXA1,RIPK1,301,8737,BIOGRID
637,RIPK1,ANXA1,RIPK1,301,8737,BIOGRID
638,RIPK1,CHUK,RIPK1,1147,8737,BIOGRID
639,RIPK1,RIPK1,IKBKB,8737,3551,BIOGRID
640,RIPK1,LRRK2,RIPK1,120892,8737,BIOGRID
641,RIPK1,TRAF2,RIPK1,7186,8737,BIOGRID
642,RIPK1,TRAF2,RIPK1,7186,8737,BIOGRID
643,RIPK1,TNF,RIPK1,7124,8737,BIOGRID
644,RIPK1,RIPK1,FADD,8737,8772,BIOGRID
645,RIPK1,CASP8,RIPK1,841,8737,BIOGRID
646,RIPK1,IKBKG,RIPK1,8517,8737,BIOGRID
647,RIPK1,FADD,RIPK1,8772,8737,BIOGRID
648,RIPK1,TNFSF10,RIPK1,8743,8737,BIOGRID
649,RIPK1,TNFRSF10B,RIPK1,8795,8737,BIOGRID
650,RIPK1,TNFAIP3,RIPK1,7128,8737,BIOGRID
651,RIPK1,CASP8,RIPK1,841,8737,BIOGRID
652,RIPK1,CASP8,RIPK1,841,8737,BIOGRID
653,RIPK1,IKBKG,RIPK1,8517,8737,BIOGRID
654,RIPK1,OPTN,RIPK1,10133,8737,BIOGRID
655,RIPK1,OPTN,RIPK1,10133,8737,BIOGRID
656,RIPK1,IKBKG,RIPK1,8517,8737,BIOGRID
657,RIPK1,USP4,RIPK1,7375,8737,BIOGRID
658,RIPK1,RIPK1,USP4,8737,7375,BIOGRID
659,RIPK1,CASP8,RIPK1,841,8737,BIOGRID
660,RIPK1,RIPK3,RIPK1,11035,8737,BIOGRID
661,RIPK1,FADD,RIPK1,8772,8737,BIOGRID
662,RIPK1,Tax1bp1,Ripk1,52440,19766,BIOGRID
663,RIPK1,Ripk1,Tax1bp1,19766,52440,BIOGRID
664,RIPK1,Ripk1,Tnfaip3,19766,21929,BIOGRID
665,RIPK1,CASP8,RIPK1,841,8737,BIOGRID
666,RIPK1,CFLAR,RIPK1,8837,8737,BIOGRID
667,RIPK1,TNFRSF1A,RIPK1,7132,8737,BIOGRID
668,RIPK1,HSP90AA1,RIPK1,3320,8737,BIOGRID
669,RIPK1,CASP8,RIPK1,841,8737,BIOGRID
670,RIPK1,TNFRSF1A,RIPK1,7132,8737,BIOGRID
671,RIPK1,OPTN,RIPK1,10133,8737,BIOGRID
672,RIPK1,TNF,RIPK1,7124,8737,BIOGRID
673,RIPK1,Ripk1,Map3k8,19766,26410,BIOGRID
674,RIPK1,RIPK1,MAP3K8,8737,1326,BIOGRID
675,RIPK1,TNFRSF1A,RIPK1,7132,8737,BIOGRID
676,RIPK1,Tnfrsf1a,Ripk1,21937,19766,BIOGRID
677,RIPK1,IKBKG,RIPK1,8517,8737,BIOGRID
678,RIPK1,NUMBL,RIPK1,9253,8737,BIOGRID
679,RIPK1,BIRC3,RIPK1,330,8737,BIOGRID
680,RIPK1,TRAF2,RIPK1,7186,8737,BIOGRID
681,RIPK1,BIRC2,RIPK1,329,8737,BIOGRID
682,RIPK1,FADD,RIPK1,8772,8737,BIOGRID
683,RIPK1,CASP8,RIPK1,841,8737,BIOGRID
684,RIPK1,TNFRSF1A,RIPK1,7132,8737,BIOGRID
685,RIPK1,RIPK1,TRAF2,8737,7186,BIOGRID
686,RIPK1,RIPK1,MAP3K7,8737,6885,BIOGRID
687,RIPK1,RIPK1,CASP8,8737,841,BIOGRID
688,RIPK1,RIPK1,FADD,8737,8772,BIOGRID
689,RIPK1,RIPK1,CASP8,8737,841,BIOGRID
690,RIPK1,Tnf,Ripk1,21926,19766,BIOGRID
691,RIPK1,TNF,RIPK1,7124,8737,BIOGRID
692,RIPK1,IKBKG,RIPK1,8517,8737,BIOGRID
693,RIPK1,TRADD,RIPK1,8717,8737,BIOGRID
694,RIPK1,TRAF2,RIPK1,7186,8737,BIOGRID
695,RIPK1,YOD1,RIPK1,55432,8737,BIOGRID
696,RIPK1,OTUD1,RIPK1,220213,8737,BIOGRID
697,RIPK1,TNF,RIPK1,7124,8737,BIOGRID
698,RIPK1,Atg5,Ripk1,11793,19766,BIOGRID
699,RIPK1,Fadd,Ripk1,14082,19766,BIOGRID
700,RIPK1,TNFRSF1A,RIPK1,7132,8737,BIOGRID
701,RIPK1,RFFL,RIPK1,117584,8737,BIOGRID
702,RIPK1,RFFL,RIPK1,117584,8737,BIOGRID
703,RIPK1,RIPK1,RFFL,8737,117584,BIOGRID
704,RIPK1,TNFRSF1A,RIPK1,7132,8737,BIOGRID
705,RIPK1,TRAF1,RIPK1,7185,8737,BIOGRID
706,RIPK1,TRAF2,RIPK1,7186,8737,BIOGRID
707,RIPK1,IKBKG,RIPK1,8517,8737,BIOGRID
708,RIPK1,BIRC3,RIPK1,330,8737,BIOGRID
709,RIPK1,CASP8,RIPK1,841,8737,BIOGRID
710,RIPK1,CFLAR,RIPK1,8837,8737,BIOGRID
711,RIPK1,PYCARD,RIPK1,29108,8737,BIOGRID
712,RIPK1,Tnfaip3,Ripk1,21929,19766,BIOGRID
713,RIPK1,RIPK1,UBC,8737,7316,BIOGRID
714,RIPK1,RIPK1,UBC,8737,7316,BIOGRID
715,RIPK1,FADD,RIPK1,8772,8737,BIOGRID
716,RIPK1,MLF1,RIPK1,4291,8737,BIOGRID
717,RIPK1,NTAN1,RIPK1,123803,8737,BIOGRID
718,RIPK1,FGL1,RIPK1,2267,8737,BIOGRID
719,RIPK1,HERC2,RIPK1,8924,8737,BIOGRID
720,RIPK1,AP1M2,RIPK1,10053,8737,BIOGRID
721,RIPK1,UBC,RIPK1,7316,8737,BIOGRID
722,RIPK1,CASP8,RIPK1,841,8737,BIOGRID
723,RIPK1,TRAF2,RIPK1,7186,8737,BIOGRID
724,RIPK1,TNFRSF1A,RIPK1,7132,8737,BIOGRID
725,RIPK1,XPO1,RIPK1,7514,8737,BIOGRID
726,RIPK1,TNFRSF1A,RIPK1,7132,8737,BIOGRID
727,RIPK1,IKBKG,RIPK1,8517,8737,BIOGRID
728,RIPK1,Il1b,Ripk1,16176,19766,BIOGRID
729,RIPK1,TICAM1,RIPK1,148022,8737,BIOGRID
730,RIPK1,RIPK1,EGLN3,8737,112399,BIOGRID
731,RIPK1,EGLN3,RIPK1,112399,8737,BIOGRID
732,RIPK1,RIPK1,BIRC2,8737,329,BIOGRID
733,RIPK1,FADD,RIPK1,8772,8737,BIOGRID
734,RIPK1,IKBKG,RIPK1,8517,8737,BIOGRID
735,RIPK1,TNF,RIPK1,7124,8737,BIOGRID
736,RIPK1,CASP8,RIPK1,841,8737,BIOGRID
737,RIPK1,IKBKG,RIPK1,8517,8737,BIOGRID
738,RIPK1,TNFRSF1A,RIPK1,7132,8737,BIOGRID
739,RIPK1,Tlr3,Ripk1,142980,19766,BIOGRID
740,RIPK1,TNF,RIPK1,7124,8737,BIOGRID
741,RIPK1,RNF31,RIPK1,55072,8737,BIOGRID
742,RIPK1,RIPK1,TRAF2,8737,7186,BIOGRID
743,RIPK1,RIPK3,RIPK1,11035,8737,BIOGRID
744,RIPK1,TNFRSF1A,RIPK1,7132,8737,BIOGRID
745,RIPK1,TNFRSF1A,RIPK1,7132,8737,BIOGRID
746,RIPK1,RIPK3,RIPK1,11035,8737,BIOGRID
747,RIPK1,FADD,RIPK1,8772,8737,BIOGRID
748,RIPK1,CASP8,RIPK1,841,8737,BIOGRID
749,RIPK1,USP2,RIPK1,9099,8737,BIOGRID
750,RIPK1,ERN1,RIPK1,2081,8737,BIOGRID
751,RIPK1,RIPK1,ERN1,8737,2081,BIOGRID
752,RIPK1,RIPK1,FADD,8737,8772,BIOGRID
753,RIPK1,RIPK1,CFLAR,8737,8837,BIOGRID
754,RIPK1,RIPK1,CASP8,8737,841,BIOGRID
755,RIPK1,CFLAR,RIPK1,8837,8737,BIOGRID
756,RIPK1,RNF216,RIPK1,54476,8737,BIOGRID
757,RIPK1,CASP8,RIPK1,841,8737,BIOGRID
758,RIPK1,TLR3,RIPK1,7098,8737,BIOGRID
759,RIPK1,Fadd,Ripk1,14082,19766,BIOGRID
760,RIPK1,TRIM27,RIPK1,5987,8737,BIOGRID
761,RIPK1,RIPK3,RIPK1,11035,8737,BIOGRID
762,RIPK1,TNFRSF1A,RIPK1,7132,8737,BIOGRID
763,RIPK1,OPTN,RIPK1,10133,8737,BIOGRID
764,RIPK1,CASP8,RIPK1,841,8737,BIOGRID
765,RIPK1,TNFRSF1A,RIPK1,7132,8737,BIOGRID
766,RIPK1,TNF,RIPK1,7124,8737,BIOGRID
767,RIPK1,FADD,RIPK1,8772,8737,BIOGRID
768,RIPK1,MLKL,RIPK1,197259,8737,BIOGRID
769,RIPK1,IKBKG,RIPK1,8517,8737,BIOGRID
770,RIPK1,RIPK1,CASP8,8737,841,BIOGRID
771,RIPK1,RIPK1,FADD,8737,8772,BIOGRID
772,RIPK1,NTAN1,RIPK1,123803,8737,BIOGRID
773,RIPK1,ATG7,RIPK1,10533,8737,BIOGRID
774,RIPK1,TNFRSF1A,RIPK1,7132,8737,BIOGRID
775,RIPK1,GPX7,RIPK1,2882,8737,BIOGRID
776,RIPK1,THSD4,RIPK1,79875,8737,BIOGRID
777,RIPK1,MLF1,RIPK1,4291,8737,BIOGRID
778,RIPK1,TNF,RIPK1,7124,8737,BIOGRID
779,RIPK1,Fadd,Ripk1,14082,19766,BIOGRID
780,RIPK1,TNFRSF1A,RIPK1,7132,8737,BIOGRID
781,RIPK1,RIPK1,XAF1,8737,54739,BIOGRID
782,RIPK1,RIPK1,TRAF2,8737,7186,BIOGRID
783,RIPK1,RIPK1,TRADD,8737,8717,BIOGRID
784,RIPK1,TRAF2,RIPK1,7186,8737,BIOGRID
785,RIPK1,BIRC2,RIPK1,329,8737,BIOGRID
786,RIPK1,BIRC2,RIPK1,329,8737,BIOGRID
787,RIPK1,RIPK1,CYLD,8737,1540,BIOGRID
788,RIPK1,IKBKG,RIPK1,8517,8737,BIOGRID
789,RIPK1,RIPK1,IKBKG,8737,8517,BIOGRID
790,RIPK1,EGLN3,RIPK1,112399,8737,BIOGRID
791,RIPK1,Ripk1,Traf2,306886,311786,BIOGRID
792,RIPK1,Ripk1,Tradd,306886,246756,BIOGRID
793,STAT4,PIAS2,STAT4,9063,6775,BIOGRID
794,STAT4,JUN,STAT4,3725,6775,BIOGRID
795,STAT4,STAT4,IL12RB2,6775,3595,BIOGRID
796,STAT4,TRIM28,STAT4,10155,6775,BIOGRID
797,STAT4,Zfp467,Stat4,68910,20849,BIOGRID
798,STAT4,ADRB2,STAT4,154,6775,BIOGRID
799,STAT4,ADRB2,STAT4,154,6775,BIOGRID
800,STAT4,TKT,STAT4,7086,6775,BIOGRID
801,STAT4,CRK,STAT4,1398,6775,BIOGRID
802,STAT4,SH2D1B,STAT4,117157,6775,BIOGRID
803,STAT4,PDLIM2,STAT4,64236,6775,BIOGRID
804,STAT4,STAT1,STAT4,6772,6775,BIOGRID
805,TLR5,RNF216,TLR5,54476,7100,BIOGRID
806,TLR5,MYD88,TLR5,4615,7100,BIOGRID
807,TLR5,TLR5,DHRS3,7100,9249,BIOGRID
808,TLR5,TLR5,PTRH2,7100,51651,BIOGRID
809,TLR5,TLR5,CNPY3,7100,10695,BIOGRID
810,TLR5,ACOT12,TLR5,134526,7100,BIOGRID
811,TLR5,TLR5,SNX14,7100,57231,BIOGRID
812,TLR5,TLR5,FAM213A,7100,84293,BIOGRID
813,TLR5,TLR5,DHRS7,7100,51635,BIOGRID
814,TLR5,TLR5,DDRGK1,7100,65992,BIOGRID
815,TLR5,TLR5,TMX2,7100,51075,BIOGRID
816,TLR5,TLR5,CTDNEP1,7100,23399,BIOGRID
817,TLR5,TLR5,MAN1A2,7100,10905,BIOGRID
818,TNFAIP3,TNFAIP3,TAX1BP1,7128,8887,BIOGRID
819,TNFAIP3,TNFAIP3,TRAF1,7128,7185,BIOGRID
820,TNFAIP3,TNFAIP3,TRAF2,7128,7186,BIOGRID
821,TNFAIP3,TNFAIP3,TRAF2,7128,7186,BIOGRID
822,TNFAIP3,TNFAIP3,TRAF1,7128,7185,BIOGRID
823,TNFAIP3,IKBKG,TNFAIP3,8517,7128,BIOGRID
824,TNFAIP3,TNFAIP3,IKBKG,7128,8517,BIOGRID
825,TNFAIP3,TAX1BP1,TNFAIP3,8887,7128,BIOGRID
826,TNFAIP3,TNFAIP3,TNIP1,7128,10318,BIOGRID
827,TNFAIP3,TNFAIP3,TNIP1,7128,10318,BIOGRID
828,TNFAIP3,TNFAIP3,YWHAZ,7128,7534,BIOGRID
829,TNFAIP3,TNFAIP3,YWHAH,7128,7533,BIOGRID
830,TNFAIP3,TNFAIP3,YWHAH,7128,7533,BIOGRID
831,TNFAIP3,TNFAIP3,YWHAB,7128,7529,BIOGRID
832,TNFAIP3,TNFAIP3,YWHAH,7128,7533,BIOGRID
833,TNFAIP3,TNFAIP3,YWHAZ,7128,7534,BIOGRID
834,TNFAIP3,TNFAIP3,YWHAB,7128,7529,BIOGRID
835,TNFAIP3,TNFAIP3,YWHAH,7128,7533,BIOGRID
836,TNFAIP3,TNFAIP3,YWHAZ,7128,7534,BIOGRID
837,TNFAIP3,TNFAIP3,YWHAB,7128,7529,BIOGRID
838,TNFAIP3,TNFAIP3,YWHAH,7128,7533,BIOGRID
839,TNFAIP3,TNFAIP3,YWHAZ,7128,7534,BIOGRID
840,TNFAIP3,TNFAIP3,YWHAE,7128,7531,BIOGRID
841,TNFAIP3,IKBKB,TNFAIP3,3551,7128,BIOGRID
842,TNFAIP3,TNFAIP3,CHUK,7128,1147,BIOGRID
843,TNFAIP3,TRAF6,TNFAIP3,7189,7128,BIOGRID
844,TNFAIP3,TRAF1,TNFAIP3,7185,7128,BIOGRID
845,TNFAIP3,TRAF6,TNFAIP3,7189,7128,BIOGRID
846,TNFAIP3,RNF11,TNFAIP3,26994,7128,BIOGRID
847,TNFAIP3,RIPK1,TNFAIP3,8737,7128,BIOGRID
848,TNFAIP3,CASP8,TNFAIP3,841,7128,BIOGRID
849,TNFAIP3,TNFAIP3,LAMP1,7128,3916,BIOGRID
850,TNFAIP3,TRAF6,TNFAIP3,7189,7128,BIOGRID
851,TNFAIP3,TNFAIP3,ALDH9A1,7128,223,BIOGRID
852,TNFAIP3,TNFAIP3,GLDC,7128,2731,BIOGRID
853,TNFAIP3,TNFAIP3,KIF11,7128,3832,BIOGRID
854,TNFAIP3,TNFAIP3,MCM6,7128,4175,BIOGRID
855,TNFAIP3,TNFAIP3,NDUFS1,7128,4719,BIOGRID
856,TNFAIP3,TNFAIP3,PPP2R1B,7128,5519,BIOGRID
857,TNFAIP3,TNFAIP3,RNH1,7128,6050,BIOGRID
858,TNFAIP3,TNFAIP3,YWHAB,7128,7529,BIOGRID
859,TNFAIP3,TNFAIP3,YWHAH,7128,7533,BIOGRID
860,TNFAIP3,TNFAIP3,CNKSR2,7128,22866,BIOGRID
861,TNFAIP3,TNFAIP3,FBXO3,7128,26273,BIOGRID
862,TNFAIP3,TNFAIP3,TBK1,7128,29110,BIOGRID
863,TNFAIP3,TNFAIP3,PPP6R3,7128,55291,BIOGRID
864,TNFAIP3,TNFAIP3,LRRC47,7128,57470,BIOGRID
865,TNFAIP3,RARRES3,TNFAIP3,5920,7128,BIOGRID
866,TNFAIP3,YWHAG,TNFAIP3,7532,7128,BIOGRID
867,TNFAIP3,YWHAZ,TNFAIP3,7534,7128,BIOGRID
868,TNFAIP3,Ikbkg,Tnfaip3,16151,21929,BIOGRID
869,TNFAIP3,Tnfaip3,Ssbp2,21929,66970,BIOGRID
870,TNFAIP3,Tnfaip3,Ssbp3,21929,72475,BIOGRID
871,TNFAIP3,Tnfaip3,Med16,21929,216154,BIOGRID
872,TNFAIP3,TNFAIP3,RIPK1,7128,8737,BIOGRID
873,TNFAIP3,TNFAIP3,RIPK1,7128,8737,BIOGRID
874,TNFAIP3,TNFAIP3,RIPK1,7128,8737,BIOGRID
875,TNFAIP3,Tnfaip3,Traf6,21929,22034,BIOGRID
876,TNFAIP3,BECN1,TNFAIP3,8678,7128,BIOGRID
877,TNFAIP3,IRAK1,TNFAIP3,3654,7128,BIOGRID
878,TNFAIP3,IRAK2,TNFAIP3,3656,7128,BIOGRID
879,TNFAIP3,TRAF6,TNFAIP3,7189,7128,BIOGRID
880,TNFAIP3,IKBKB,TNFAIP3,3551,7128,BIOGRID
881,TNFAIP3,TNFAIP3,UBC,7128,7316,BIOGRID
882,TNFAIP3,Traf6,Tnfaip3,22034,21929,BIOGRID
883,TNFAIP3,Traf2,Tnfaip3,22030,21929,BIOGRID
884,TNFAIP3,Ube2n,Tnfaip3,93765,21929,BIOGRID
885,TNFAIP3,Ube2d3,Tnfaip3,66105,21929,BIOGRID
886,TNFAIP3,Tnfaip3,Tax1bp1,21929,52440,BIOGRID
887,TNFAIP3,Tnfaip3,Ube2d3,21929,66105,BIOGRID
888,TNFAIP3,Tax1bp1,Tnfaip3,52440,21929,BIOGRID
889,TNFAIP3,TNFAIP3,IRF7,7128,3665,BIOGRID
890,TNFAIP3,IRF7,TNFAIP3,3665,7128,BIOGRID
891,TNFAIP3,TNF,TNFAIP3,7124,7128,BIOGRID
892,TNFAIP3,IKBKG,TNFAIP3,8517,7128,BIOGRID
893,TNFAIP3,IKBKG,TNFAIP3,8517,7128,BIOGRID
894,TNFAIP3,TNFRSF1A,TNFAIP3,7132,7128,BIOGRID
895,TNFAIP3,FADD,TNFAIP3,8772,7128,BIOGRID
896,TNFAIP3,MAP3K5,TNFAIP3,4217,7128,BIOGRID
897,TNFAIP3,TNFAIP3,MAP3K5,7128,4217,BIOGRID
898,TNFAIP3,Traf6,Tnfaip3,22034,21929,BIOGRID
899,TNFAIP3,Traf2,Tnfaip3,22030,21929,BIOGRID
900,TNFAIP3,Rnf11,Tnfaip3,29864,21929,BIOGRID
901,TNFAIP3,Ripk1,Tnfaip3,19766,21929,BIOGRID
902,TNFAIP3,Tnfaip3,Ripk1,21929,19766,BIOGRID
903,TNFAIP3,Tnfaip3,Tax1bp1,21929,52440,BIOGRID
904,TNFAIP3,TNFAIP3,UBC,7128,7316,BIOGRID
905,TNFAIP3,TNFAIP3,TRAF6,7128,7189,BIOGRID
906,TNFAIP3,IKBKE,TNFAIP3,9641,7128,BIOGRID
907,TNFAIP3,TNFAIP3,TBK1,7128,29110,BIOGRID
908,TNFAIP3,TNFAIP3,TNIP2,7128,79155,BIOGRID
909,TNFAIP3,Tnip3,Tnfaip3,414084,21929,BIOGRID
910,TNFAIP3,TNFAIP3,TRAF2,7128,7186,BIOGRID
911,TNFAIP3,RIPK1,TNFAIP3,8737,7128,BIOGRID
912,TNFAIP3,Ripk1,Tnfaip3,19766,21929,BIOGRID
913,TNFAIP3,TNFAIP3,TNIP3,7128,79931,BIOGRID
914,TNFAIP3,TBK1,TNFAIP3,29110,7128,BIOGRID
915,TNFAIP3,IKBKE,TNFAIP3,9641,7128,BIOGRID
916,TNFAIP3,TNFAIP3,TNIP2,7128,79155,BIOGRID
917,TNFAIP3,TNIP2,TNFAIP3,79155,7128,BIOGRID
918,TNFAIP3,TNFAIP3,LAPTM5,7128,7805,BIOGRID
919,TNFAIP3,LAPTM5,TNFAIP3,7805,7128,BIOGRID
920,TNFAIP3,LAPTM5,TNFAIP3,7805,7128,BIOGRID
921,TNFAIP3,LAPTM5,TNFAIP3,7805,7128,BIOGRID
922,TNFAIP3,UBC,TNFAIP3,7316,7128,BIOGRID
923,TNFAIP3,RNF11,TNFAIP3,26994,7128,BIOGRID
924,TNFAIP3,TICAM1,TNFAIP3,148022,7128,BIOGRID
925,TNFAIP3,TNFAIP3,CCDC50,7128,152137,BIOGRID
926,TNFAIP3,TNFAIP3,YWHAB,7128,7529,BIOGRID
927,TNFAIP3,TNFAIP3,TNIP1,7128,10318,BIOGRID
928,TNFAIP3,TNFAIP3,TNIP2,7128,79155,BIOGRID
929,TNFAIP3,CCDC50,TNFAIP3,152137,7128,BIOGRID
930,TNFAIP3,TNFAIP3,TNIP1,7128,10318,BIOGRID
931,TNFAIP3,TNFAIP3,TNIP2,7128,79155,BIOGRID
932,TNFAIP3,TNFAIP3,TAX1BP1,7128,8887,BIOGRID
933,TNFAIP3,TNFAIP3,IKBKG,7128,8517,BIOGRID
934,TNFAIP3,TNFAIP3,RNF11,7128,26994,BIOGRID
935,TNFAIP3,TNFAIP3,TRAF6,7128,7189,BIOGRID
936,TNFAIP3,TNFAIP3,TAX1BP1,7128,8887,BIOGRID
937,TNFAIP3,TNFAIP3,TNIP1,7128,10318,BIOGRID
938,TNFAIP3,TNFAIP3,UBC,7128,7316,BIOGRID
939,TNFAIP3,TNFAIP3,UBC,7128,7316,BIOGRID
940,TNFAIP3,TNF,TNFAIP3,7124,7128,BIOGRID
941,TNFAIP3,RNF31,TNFAIP3,55072,7128,BIOGRID
942,TNFAIP3,IKBKG,TNFAIP3,8517,7128,BIOGRID
943,TNFAIP3,SHARPIN,TNFAIP3,81858,7128,BIOGRID
944,TNFAIP3,TNF,TNFAIP3,7124,7128,BIOGRID
945,TNFAIP3,TNFAIP3,RBCK1,7128,10616,BIOGRID
946,TNFAIP3,TNFAIP3,RNF31,7128,55072,BIOGRID
947,TNFAIP3,TNFAIP3,SHARPIN,7128,81858,BIOGRID
948,TNFAIP3,TNFAIP3,IKBKG,7128,8517,BIOGRID
949,TNFAIP3,TNFAIP3,UBC,7128,7316,BIOGRID
950,TNFAIP3,TNFSF10,TNFAIP3,8743,7128,BIOGRID
951,TNFAIP3,TNFRSF10B,TNFAIP3,8795,7128,BIOGRID
952,TNFAIP3,TNFAIP3,RIPK1,7128,8737,BIOGRID
953,TNFAIP3,TNFAIP3,UBE2N,7128,7334,BIOGRID
954,TNFAIP3,Rnf11,Tnfaip3,29864,21929,BIOGRID
955,TNFAIP3,TNFAIP3,TRIM2,7128,23321,BIOGRID
956,TNFAIP3,TNFAIP3,RNF5,7128,6048,BIOGRID
957,TNFAIP3,TNFAIP3,TRAF6,7128,7189,BIOGRID
958,TNFAIP3,TNFAIP3,RNF14,7128,9604,BIOGRID
959,TNFAIP3,TNFAIP3,RBCK1,7128,10616,BIOGRID
960,TNFAIP3,TNFAIP3,RLIM,7128,51132,BIOGRID
961,TNFAIP3,TNFAIP3,TRIM3,7128,10612,BIOGRID
962,TNFAIP3,TNFAIP3,TRIM8,7128,81603,BIOGRID
963,TNFAIP3,TNFAIP3,TRIM5,7128,85363,BIOGRID
964,TNFAIP3,Ripk1,Tnfaip3,19766,21929,BIOGRID
965,TNFAIP3,HSP90AA1,TNFAIP3,3320,7128,BIOGRID
966,TNFAIP3,TNFAIP3,TP53,7128,7157,BIOGRID
967,TNFAIP3,TP53,TNFAIP3,7157,7128,BIOGRID
968,TNFAIP3,LAPTM5,TNFAIP3,7805,7128,BIOGRID
969,TNFAIP3,RNF11,TNFAIP3,26994,7128,BIOGRID
970,TNFAIP3,Tnfrsf1a,Tnfaip3,21937,21929,BIOGRID
971,TNFAIP3,TNFAIP3,AXIN1,7128,8312,BIOGRID
972,TNFAIP3,AXIN1,TNFAIP3,8312,7128,BIOGRID
973,TNFAIP3,TNFAIP3,YWHAE,7128,7531,BIOGRID
974,TNFAIP3,TNFAIP3,YWHAZ,7128,7534,BIOGRID
975,TNFAIP3,TNFAIP3,TNIP1,7128,10318,BIOGRID
976,TNFAIP3,IKBKG,TNFAIP3,8517,7128,BIOGRID
977,TNFAIP3,GIT2,TNFAIP3,9815,7128,BIOGRID
978,TNFAIP3,TNFAIP3,NFKB2,7128,4791,BIOGRID
979,TNFAIP3,TNFAIP3,BIRC3,7128,330,BIOGRID
980,TNFAIP3,TNFAIP3,TRAF2,7128,7186,BIOGRID
981,TNFAIP3,BIRC2,TNFAIP3,329,7128,BIOGRID
982,TNFAIP3,TNFAIP3,TP53,7128,7157,BIOGRID
983,TNFAIP3,TP53,TNFAIP3,7157,7128,BIOGRID
984,TNFAIP3,TNFAIP3,OCLN,7128,100506658,BIOGRID
985,TNFAIP3,TNFAIP3,OCLN,7128,100506658,BIOGRID
986,TNFAIP3,MALT1,TNFAIP3,10892,7128,BIOGRID
987,TNFAIP3,Rhbdd3,Tnfaip3,279766,21929,BIOGRID
988,TNFAIP3,Ikbkg,Tnfaip3,16151,21929,BIOGRID
989,TNFAIP3,Ikbkg,Tnfaip3,16151,21929,BIOGRID
990,TNFAIP3,Tnfaip3,Ikbkg,21929,16151,BIOGRID
991,TNFAIP3,ELAVL1,TNFAIP3,1994,7128,BIOGRID
992,TNFAIP3,TNFAIP3,UBC,7128,7316,BIOGRID
993,TNFAIP3,TNFAIP3,TNIP1,7128,10318,BIOGRID
994,TNFAIP3,TNFAIP3,YWHAQ,7128,10971,BIOGRID
995,TNFAIP3,TNFAIP3,RNF114,7128,55905,BIOGRID
996,TNFAIP3,TNFAIP3,RNF114,7128,55905,BIOGRID
997,TNFAIP3,RNF114,TNFAIP3,55905,7128,BIOGRID
998,TNFAIP3,TNFAIP3,RNF114,7128,55905,BIOGRID
999,TNFAIP3,TNFAIP3,UBE2D1,7128,7321,BIOGRID
1000,TNFAIP3,TRIM23,TNFAIP3,373,7128,BIOGRID
1001,TNFAIP3,TNFAIP3,TRAF2,7128,7186,BIOGRID
1002,TNFAIP3,TNFAIP3,TNIP1,7128,10318,BIOGRID
1003,TNFAIP3,TNFAIP3,ARRDC3,7128,57561,BIOGRID
1004,TNFAIP3,TNFAIP3,TNIP3,7128,79931,BIOGRID
1005,TNFAIP3,NXF1,TNFAIP3,10482,7128,BIOGRID
1006,TNFAIP3,TNFAIP3,UBC,7128,7316,BIOGRID
1007,TNFAIP3,TNFAIP3,UBC,7128,7316,BIOGRID
1008,TNFAIP3,TNFAIP3,UBC,7128,7316,BIOGRID
1009,TNFAIP3,TNFAIP3,UBC,7128,7316,BIOGRID
1010,TNFAIP3,TNFAIP3,TRAF6,7128,7189,BIOGRID
1011,TNFAIP3,TRAF6,TNFAIP3,7189,7128,BIOGRID
1012,TNFAIP3,TNFAIP3,TRAF6,7128,7189,BIOGRID
1013,TNFAIP3,TNFAIP3,UBC,7128,7316,BIOGRID
1014,TNFAIP3,Tnfaip3,Ubc,21929,22190,BIOGRID
1015,TNFAIP3,Tnfaip3,Ripk1,21929,19766,BIOGRID
1016,TNFAIP3,TNFAIP3,MTOR,7128,2475,BIOGRID
1017,TNFAIP3,TNFAIP3,MTOR,7128,2475,BIOGRID
1018,TNFAIP3,Casp1,Tnfaip3,12362,21929,BIOGRID
1019,TNFAIP3,Il1b,Tnfaip3,16176,21929,BIOGRID
1020,TNFAIP3,TNF,TNFAIP3,7124,7128,BIOGRID
1021,TNFAIP3,CASP8,TNFAIP3,841,7128,BIOGRID
1022,TNFAIP3,FADD,TNFAIP3,8772,7128,BIOGRID
1023,TNFAIP3,TRAF1,TNFAIP3,7185,7128,BIOGRID
1024,TNFAIP3,TRAF1,TNFAIP3,7185,7128,BIOGRID
1025,TNFAIP3,IKBKG,TNFAIP3,8517,7128,BIOGRID
1026,TNFAIP3,TNFRSF1A,TNFAIP3,7132,7128,BIOGRID
1027,TNFAIP3,TNF,TNFAIP3,7124,7128,BIOGRID
1028,TNFAIP3,NOD2,TNFAIP3,64127,7128,BIOGRID
1029,TNFAIP3,TNFRSF1A,TNFAIP3,7132,7128,BIOGRID
1030,TNFAIP3,TNFAIP3,UBC,7128,7316,BIOGRID
1031,TNFAIP3,TNFAIP3,UBC,7128,7316,BIOGRID
1032,TNFAIP3,TNFAIP3,OTUD5,7128,55593,BIOGRID
1033,TNFAIP3,TNFAIP3,PCDHB5,7128,26167,BIOGRID
1034,TNFAIP3,TNFAIP3,RNF166,7128,115992,BIOGRID
1035,TNFAIP3,TNFAIP3,SHKBP1,7128,92799,BIOGRID
1036,TNFAIP3,TNFAIP3,UBB,7128,7314,BIOGRID
1037,TNFAIP3,TNFAIP3,ANKRD13D,7128,338692,BIOGRID
1038,TNFAIP3,TNFAIP3,TBC1D24,7128,57465,BIOGRID
1039,TNFAIP3,TNFAIP3,SRC,7128,6714,BIOGRID
1040,TNFAIP3,TNFAIP3,KCTD10,7128,83892,BIOGRID
1041,TNFAIP3,TNFAIP3,AIDA,7128,64853,BIOGRID
1042,TNFAIP3,TNFAIP3,RNF114,7128,55905,BIOGRID
1043,TNFAIP3,TNFAIP3,NEDD4L,7128,23327,BIOGRID
1044,TNFAIP3,TNFAIP3,ARIH1,7128,25820,BIOGRID
1045,TNFAIP3,TNFAIP3,TAX1BP1,7128,8887,BIOGRID
1046,TNFAIP3,Ubc,Tnfaip3,22190,21929,BIOGRID
1047,TNFAIP3,TRAF6,TNFAIP3,7189,7128,BIOGRID
1048,TNFAIP3,TNFAIP3,TRAF6,7128,7189,BIOGRID
1049,TNFAIP3,TNFAIP3,SNAI1,7128,6615,BIOGRID
1050,TNFAIP3,Snai1,Tnfaip3,20613,21929,BIOGRID
1051,TNFAIP3,TNFAIP3,SNAI1,7128,6615,BIOGRID
1052,TNFAIP3,TNFAIP3,UBE2D1,7128,7321,BIOGRID
1053,TNFAIP3,Snai1,Tnfaip3,20613,21929,BIOGRID
1054,TNFAIP3,NFKB1,TNFAIP3,4790,7128,BIOGRID
1055,TREX1,TREX1,RIBC2,11277,26150,BIOGRID
1056,TREX1,TREX1,IFT20,11277,90410,BIOGRID
1057,TREX1,TIMELESS,ATRIP,8914,84126,BIOGRID
1058,TREX1,ATRIP,MSH2,84126,4436,BIOGRID
1059,TREX1,ATRIP,ATR,84126,545,BIOGRID
1060,TREX1,ATR,ATRIP,545,84126,BIOGRID
1061,TREX1,MSH2,ATRIP,4436,84126,BIOGRID
1062,TREX1,ATRIP,MCM7,84126,4176,BIOGRID
1063,TREX1,ATRIP,ATR,84126,545,BIOGRID
1064,TREX1,ATRIP,RPA1,84126,6117,BIOGRID
1065,TREX1,ATR,ATRIP,545,84126,BIOGRID
1066,TREX1,ATR,ATRIP,545,84126,BIOGRID
1067,TREX1,ATRIP,ATR,84126,545,BIOGRID
1068,TREX1,ATR,ATRIP,545,84126,BIOGRID
1069,TREX1,CDC6,ATRIP,990,84126,BIOGRID
1070,TREX1,ATR,ATRIP,545,84126,BIOGRID
1071,TREX1,C19orf40,ATRIP,91442,84126,BIOGRID
1072,TREX1,SET,TREX1,6418,11277,BIOGRID
1073,TREX1,SET,TREX1,6418,11277,BIOGRID
1074,TREX1,HNRNPUL1,ATRIP,11100,84126,BIOGRID
1075,TREX1,ATRIP,ATR,84126,545,BIOGRID
1076,TREX1,ATR,ATRIP,545,84126,BIOGRID
1077,TREX1,CEP164,ATRIP,22897,84126,BIOGRID
1078,TREX1,ATRIP,ATR,84126,545,BIOGRID
1079,TREX1,ATRIP,CEP164,84126,22897,BIOGRID
1080,TREX1,CEP164,ATRIP,22897,84126,BIOGRID
1081,TREX1,ATR,ATRIP,545,84126,BIOGRID
1082,TREX1,ATRIP,ATR,84126,545,BIOGRID
1083,TREX1,ATR,ATRIP,545,84126,BIOGRID
1084,TREX1,ATR,ATRIP,545,84126,BIOGRID
1085,TREX1,ATR,ATRIP,545,84126,BIOGRID
1086,TREX1,ATR,ATRIP,545,84126,BIOGRID
1087,TREX1,ATRIP,ATR,84126,545,BIOGRID
1088,TREX1,ATRIP,ATR,84126,545,BIOGRID
1089,TREX1,CDK9,ATRIP,1025,84126,BIOGRID
1090,TREX1,ATR,ATRIP,545,84126,BIOGRID
1091,TREX1,ATRIP,ATR,84126,545,BIOGRID
1092,TREX1,ATRIP,ATR,84126,545,BIOGRID
1093,TREX1,ATRIP,ATM,84126,472,BIOGRID
1094,TREX1,ATRIP,ATR,84126,545,BIOGRID
1095,TREX1,ATRIP,PRKDC,84126,5591,BIOGRID
1096,TREX1,ATRIP,ATM,84126,472,BIOGRID
1097,TREX1,ATRIP,NBN,84126,4683,BIOGRID
1098,TREX1,RPA1,ATRIP,6117,84126,BIOGRID
1099,TREX1,ATRIP,HERC2,84126,8924,BIOGRID
1100,TREX1,ATRIP,MCM2,84126,4171,BIOGRID
1101,TREX1,BRCA1,ATRIP,672,84126,BIOGRID
1102,TREX1,TOPBP1,ATRIP,11073,84126,BIOGRID
1103,TREX1,ATR,ATRIP,545,84126,BIOGRID
1104,TREX1,VKORC1,TREX1,79001,11277,BIOGRID
1105,TREX1,IKBKG,ATRIP,8517,84126,BIOGRID
1106,TREX1,ATR,ATRIP,545,84126,BIOGRID
1107,TREX1,CINP,ATRIP,51550,84126,BIOGRID
1108,TREX1,ATRIP,CINP,84126,51550,BIOGRID
1109,TREX1,ATR,ATRIP,545,84126,BIOGRID
1110,TREX1,ATRIP,CINP,84126,51550,BIOGRID
1111,TREX1,RPA1,ATRIP,6117,84126,BIOGRID
1112,TREX1,RPA2,ATRIP,6118,84126,BIOGRID
1113,TREX1,RPA3,ATRIP,6119,84126,BIOGRID
1114,TREX1,BRCA1,ATRIP,672,84126,BIOGRID
1115,TREX1,BRCA1,ATRIP,672,84126,BIOGRID
1116,TREX1,MOS,ATRIP,4342,84126,BIOGRID
1117,TREX1,MX2,ATRIP,4600,84126,BIOGRID
1118,TREX1,CDK16,ATRIP,5127,84126,BIOGRID
1119,TREX1,SCG2,ATRIP,7857,84126,BIOGRID
1120,TREX1,CDC23,ATRIP,8697,84126,BIOGRID
1121,TREX1,POLR1C,ATRIP,9533,84126,BIOGRID
1122,TREX1,SPRY2,ATRIP,10253,84126,BIOGRID
1123,TREX1,MID2,ATRIP,11043,84126,BIOGRID
1124,TREX1,TREX1,KRTAP10-7,11277,386675,BIOGRID
1125,TREX1,FAM156A,ATRIP,29057,84126,BIOGRID
1126,TREX1,CINP,ATRIP,51550,84126,BIOGRID
1127,TREX1,FAM208B,ATRIP,54906,84126,BIOGRID
1128,TREX1,CCDC28B,ATRIP,79140,84126,BIOGRID
1129,TREX1,ATRIP,LNX1,84126,84708,BIOGRID
1130,TREX1,ATRIP,C1orf94,84126,84970,BIOGRID
1131,TREX1,ATRIP,METTL21A,84126,151194,BIOGRID
1132,TREX1,MOV10,TREX1,4343,11277,BIOGRID
1133,TREX1,NXF1,TREX1,10482,11277,BIOGRID
1134,TREX1,TREX1,UBQLN1,11277,29979,BIOGRID
1135,TREX1,TREX1,UBQLN1,11277,29979,BIOGRID
1136,TREX1,PNKD,ATRIP,25953,84126,BIOGRID
1137,TREX1,GDA,ATRIP,9615,84126,BIOGRID
1138,TREX1,ATRIP,NPEPL1,84126,79716,BIOGRID
1139,TREX1,TREX1,CHCHD2,11277,51142,BIOGRID
1140,TREX1,TREX1,RAB23,11277,51715,BIOGRID
1141,TREX1,PNKD,ATRIP,25953,84126,BIOGRID
1142,TREX1,FZD10,ATRIP,11211,84126,BIOGRID
1143,TREX1,ST6GAL1,ATRIP,6480,84126,BIOGRID
1144,TREX1,CD70,ATRIP,970,84126,BIOGRID
1145,TREX1,ATRIP,ATR,84126,545,BIOGRID
1146,TREX1,KIR3DL2,ATRIP,3812,84126,BIOGRID
1147,TREX1,ATRIP,MUL1,84126,79594,BIOGRID
1148,TREX1,TREX1,ACTA2,11277,59,BIOGRID
1149,TREX1,ATRIP,PEX14,84126,5195,BIOGRID
1150,TREX1,ATRIP,FANCL,84126,55120,BIOGRID
1151,TREX1,ATRIP,C17orf70,84126,80233,BIOGRID
1152,TREX1,ATRIP,FANCL,84126,55120,BIOGRID
1153,TREX1,FANCL,ATRIP,55120,84126,BIOGRID
1154,TREX1,RPA1,ATRIP,6117,84126,BIOGRID
1155,TREX1,RPA2,ATRIP,6118,84126,BIOGRID
1156,TREX1,RPA3,ATRIP,6119,84126,BIOGRID
1157,TREX1,ATRIP,RPA1,84126,6117,BIOGRID
1158,TREX1,ATRIP,TELO2,84126,9894,BIOGRID
