,interactor
0,MYL6B
1,DAP3
2,PTPN13
3,MAP3K9
4,SH2D2A
5,NEK2
6,PIBF1
7,TRAF4
8,C1R
9,STAP2
10,MAP3K10
11,LY86
12,CCDC50
13,MYBPC1
14,HIST1H4C
15,ME2
16,DNM3
17,LILRA3
18,THBD
19,MYO1B
20,SYTL1
21,ICOSLG
22,FCMR
23,HLA-A
24,TNIP2
25,CALU
26,HCLS1
27,RAB40C
28,RPS19BP1
29,POU3F3
30,IRF9
31,HRAS
32,MYBPC2
33,DCDC2
34,IFNAR2
35,TNIK
36,DEDD2
37,IKBKB
38,CSMD2
39,RPS3
40,CASS4
41,CRTAM
42,FCGR2C
43,MARS2
44,CSF3R
45,ALB
46,MAP4K4
47,TRIM27
48,PTPRB
49,TUBGCP4
50,MATK
51,HS6ST1
52,MAST3
53,ZKSCAN7
54,ORM2
55,STAT6
56,ATP7A
57,BCL2L1
58,EGFR
59,COTL1
60,AQP9
61,TNFAIP8
62,GK
63,APCS
64,ARHGAP32
65,TTBK1
66,IFT57
67,CLTC
68,FOXO3
69,LGALS3BP
70,LAMB2
71,MAN1A2
72,TRAF3IP2
73,CTSB
74,QSOX1
75,TGOLN2
76,TBC1D31
77,RAD21
78,CADM1
79,HSF1
80,IRF4
81,MICB
82,PRKCG
83,SPTB
84,SNRNP200
85,THY1
86,FLNA
87,RAB40A
88,TNFAIP6
89,SH2B2
90,SETDB1
91,YME1L1
92,GMPPA
93,NFATC1
94,TLN2
95,CORO1C
96,RNF166
97,TESK1
98,ITGA3
99,MAPK9
100,BCAP31
101,ADAM12
102,CD79B
103,TUBB3
104,DCHS1
105,ROR2
106,INSR
107,TRPV6
108,IRAK4
109,NLRP12
110,TAF1A
111,RET
112,MAVS
113,CASP4
114,PKHD1
115,PFKL
116,KIF11
117,EBI3
118,PIK3C2B
119,ZBP1
120,MMP20
121,CD7
122,CAMSAP3
123,HSPG2
124,MCU
125,C1RL
126,RNF135
127,XRCC6
128,WNK4
129,CD40
130,JUN
131,CRK
132,GNB1
133,CDC25C
134,B2M
135,HIF1A
136,HIST4H4
137,COPS5
138,FGFR4
139,PELI2
140,PSD3
141,GSK3A
142,RNF216
143,PCDHA11
144,CFTR
145,IL2RA
146,CLEC5A
147,PCDHA3
148,NRTN
149,SKAP1
150,MIA2
151,ERBB3
152,WASF3
153,TBC1D4
154,HMCN1
155,KHDRBS1
156,CCND2
157,CD93
158,SRRM2
159,APBB1
160,SELL
161,COL21A1
162,ADAM15
163,CFI
164,GLUD1
165,ERBB2
166,PARP1
167,A2M
168,GTPBP1
169,NUDT21
170,SLIT2
171,CAMKK1
172,ARL5B
173,ATXN3
174,TCF7L2
175,PRAM1
176,WNK1
177,MPL
178,TPM1
179,ITK
180,MYLK
181,DHRS7
182,UHMK1
183,KCNIP3
184,IGKC
185,LEP
186,LIMS1
187,KRT15
188,IRF8
189,PTRH2
190,LIMA1
191,MED28
192,NOX5
193,HDAC4
194,HIST1H4D
195,CALR
196,DVL3
197,RAP1B
198,TRAF6
199,AP1M2
200,TUBA1A
201,DUSP7
202,TFEC
203,FOXP3
204,USP25
205,PILRB
206,RNF126
207,GRK3
208,DAP
209,MXRA5
210,MPZL3
211,KDR
212,IL1R1
213,C8G
214,SERPINA1
215,TLR2
216,APOL1
217,ITGA2B
218,MELK
219,AP1G1
220,PRF1
221,TNFRSF14
222,HIPK4
223,MAP3K13
224,KLHL6
225,PTPN12
226,PTPN3
227,ADAM22
228,MAP2K7
229,MCAM
230,CEBPB
231,MYO1C
232,PDCD6
233,FYB1
234,ETS2
235,HDAC6
236,ITGB1
237,MPP1
238,MAK
239,RPS20
240,CHPT1
241,SORBS3
242,ITGBL1
243,S100A7
244,ACTA1
245,SLA2
246,NKIRAS1
247,HERC2
248,ELF1
249,CCT5
250,FLT3
251,CEBPA
252,ITGA5
253,ICAM4
254,WIPF1
255,SLAMF1
256,TRIM37
257,HIST1H2AL
258,CCNG1
259,ITGA8
260,FER
261,NCKAP1
262,SRGN
263,PAK5
264,UBA52
265,HSPA1L
266,NLRP4
267,TUBA4B
268,IQGAP1
269,HBZ
270,MPRIP
271,PLCG1
272,RPL26L1
273,RPS10
274,STAP1
275,LYZ
276,ACTA2
277,RCN1
278,CXCL12
279,STK10
280,PFKFB2
281,GRB14
282,CNKSR3
283,FAS
284,CD79A
285,DNMBP
286,RASGRF2
287,RAB3B
288,HRC
289,ARHGEF7
290,MPP3
291,GRAP
292,TNF
293,CSF2
294,PRKCZ
295,NUMBL
296,ITGAL
297,MAD2L1BP
298,TRIM28
299,MLKL
300,SLC12A3
301,MSH2
302,EPPK1
303,GRK1
304,KLK13
305,GATA3
306,FAM213A
307,IPO7
308,NTRK2
309,CARD19
310,CCNB1
311,ROR1
312,IL12RB1
313,HPX
314,MAPK8
315,HEATR6
316,PPIB
317,LY75
318,SLAMF8
319,CYBA
320,SRPK1
321,TRAIP
322,CRTC2
323,FAM107A
324,ITGA7
325,PRDM8
326,NEDD4L
327,RPS6KB2
328,SIGLEC9
329,KIAA0930
330,SP1
331,CARD8
332,HAPLN3
333,SPTAN1
334,ARIH1
335,C1GALT1
336,HIST2H4B
337,DAPK3
338,MAP4K5
339,KRT33A
340,ACVR1B
341,COPS7B
342,VSIG4
343,LIF
344,PLK2
345,RAB3A
346,FAT2
347,ARHGAP4
348,UBE2D1
349,UBE2D2
350,F12
351,SSH3
352,CD200R1
353,XPR1
354,ST13
355,SAMD4B
356,AGER
357,TLR9
358,CD209
359,CD300LF
360,SPSB2
361,UBR3
362,TAB3
363,TSSK2
364,SIN3A
365,CKS1B
366,CARD11
367,CLTCL1
368,ALOX5
369,CD86
370,NCF1
371,MAP4K3
372,PSEN2
373,OBSCN
374,MTOR
375,BTNL9
376,DAPK1
377,STYXL1
378,PIK3R1
379,TUBB4A
380,AMBP
381,TP73
382,COL6A3
383,HIST2H2AC
384,EDA
385,TAOK2
386,SMAD2
387,OTUD5
388,CD82
389,TNFSF10
390,SHANK2
391,GRHL2
392,GAB2
393,DEDD
394,PTPN20
395,SH3BP2
396,NOL3
397,FERMT3
398,PCDHB14
399,NCF4
400,SMO
401,ELANE
402,F11R
403,SFPQ
404,MAP3K5
405,SOCS4
406,SH3PXD2B
407,CFH
408,HIST1H4H
409,SLC25A15
410,PTPRT
411,MAST1
412,TRAF3
413,RIPK3
414,VRK2
415,CNKSR1
416,IKZF1
417,PDLIM2
418,IFNA4
419,CLC
420,TNFRSF19
421,IQGAP2
422,PTPRE
423,ATAD3A
424,ROBO4
425,SPART
426,CD1D
427,BLK
428,SELE
429,PTMA
430,ICAM3
431,SOS2
432,HTT
433,CDK16
434,CLK2
435,TREM1
436,NCOA3
437,USP2
438,ATG7
439,GRK4
440,SUSD3
441,CAPZB
442,CYBB
443,WASF1
444,CEACAM1
445,NCR2
446,C4B
447,VARS
448,IGLL1
449,TLR4
450,CCT2
451,BTK
452,NFKB2
453,ASB15
454,CD47
455,PTPN6
456,TLN1
457,PTPRK
458,HLA-DRB1
459,STIM1
460,DUSP1
461,SRPK2
462,P2RY2
463,TOLLIP
464,PAK2
465,RAPGEF1
466,SOCS3
467,RUSC1
468,FANCD2
469,SCGB1A1
470,SLC7A7
471,VSIG1
472,ROS1
473,STAC
474,IL7
475,SLC26A6
476,IFT20
477,RNF11
478,STAT2
479,SASH3
480,C1QA
481,DAB2
482,MARK1
483,NCAM1
484,KALRN
485,PABPC1
486,ACTN4
487,GAPDH
488,VAV2
489,IGHG3
490,S100B
491,DVL2
492,TRAF7
493,MAP2K3
494,BIRC2
495,CDH13
496,CD5L
497,FYN
498,LYN
499,ERN1
500,KIFAP3
501,DNM1L
502,ACAN
503,PLD2
504,PTPN2
505,ITSN2
506,TMUB2
507,ANKRD13D
508,NDUFA9
509,SH2D3C
510,FCER1G
511,EIF4G1
512,PRKG1
513,RNF125
514,FCAR
515,RUVBL2
516,C4A
517,ANP32A
518,SPPL3
519,RPL11
520,HSPB1
521,ARRB2
522,TRIB1
523,DENND4A
524,ATXN1
525,CD74
526,ARFGEF2
527,YWHAE
528,TICAM1
529,PIP4K2C
530,ITGAV
531,RASSF8
532,ANXA6
533,CD22
534,BIRC3
535,LTA
536,RALBP1
537,IL15
538,CASP10
539,COL22A1
540,RBMS1
541,SLC25A28
542,LCP1
543,PSMD13
544,NEK5
545,RPL13A
546,CD96
547,ICAM2
548,PSME1
549,EPHB6
550,IRS2
551,MAP4K1
552,CD48
553,ERN2
554,UBXN7
555,ITGA1
556,CNTNAP3
557,PARD6A
558,STARD13
559,CYLD
560,ITGB3
561,MYD88
562,SMDT1
563,MKNK2
564,SIRPA
565,WAS
566,OSTF1
567,ATP1A1
568,ASB13
569,RCN2
570,SLC5A11
571,RALGPS2
572,CXCL1
573,INTS14
574,IL31RA
575,ZNF835
576,SIRPB1
577,SIAH1
578,PEA15
579,HIST1H4A
580,FCRL5
581,STK40
582,TXK
583,MIB1
584,CASP8AP2
585,SOCS6
586,TANK
587,SNRNP70
588,CCL8
589,SLC25A19
590,NCOR1
591,USP47
592,CRADD
593,SERPING1
594,APOE
595,NCOR2
596,ARHGDIG
597,ADAMTS1
598,CCT4
599,SYK
600,PKM
601,AZI2
602,CD302
603,SAMHD1
604,BTN2A2
605,CCNE2
606,BMP2K
607,CD8A
608,LAX1
609,MAP3K2
610,FGD6
611,APC
612,TMEM184B
613,BNIP2
614,PAPPA
615,FCGR2B
616,ATP5B
617,CD72
618,CD163
619,HNRNPM
620,PTPN9
621,FGB
622,DYRK2
623,GRIP1
624,FHL2
625,EGLN3
626,HIST1H2AB
627,MADD
628,PIM1
629,ROCK1
630,TUBA4A
631,TAF1B
632,PPFIBP1
633,PTPRJ
634,PTPRZ1
635,SIGLEC5
636,CASP7
637,TP63
638,NCAM2
639,DNAJA3
640,CD160
641,ASB10
642,DBNL
643,PVR
644,CAPZA1
645,RASA1
646,TRIM23
647,BIRC5
648,HTRA2
649,SDF4
650,OXSR1
651,DGKZ
652,MAPKAPK5
653,IL6
654,TIMP3
655,CDK3
656,PPP2R1B
657,ERRFI1
658,TREX1
659,GTPBP2
660,CXCL10
661,NTRK3
662,CSNK2A1
663,BCAR1
664,BCL2A1
665,DGKD
666,CENPJ
667,CD63
668,IL27RA
669,GNAI2
670,MMP12
671,PECAM1
672,S100A13
673,NEDD9
674,HIST1H4B
675,SCO2
676,PTPN11
677,PLCG2
678,MYH10
679,CST3
680,CYTIP
681,RELA
682,TNFRSF18
683,KLC2
684,DNAJB1
685,NKAP
686,IFIT1
687,GRIN1
688,PKN1
689,SMAD1
690,MYO6
691,TNFSF13
692,NOD2
693,CDH2
694,HSPA4
695,B4GALT1
696,RASD2
697,CTSO
698,HIVEP3
699,MAP3K6
700,CCT8
701,EPHA5
702,C5
703,CAST
704,WASL
705,PLSCR1
706,TAPBPL
707,DUOX1
708,CADM3
709,ASB3
710,LTF
711,SIGLEC8
712,IRAK1BP1
713,SNAI1
714,MRAS
715,ATM
716,IL1RAPL1
717,PRKD3
718,PCDH12
719,ARHGEF2
720,BECN1
721,MED15
722,MED4
723,RNF14
724,ACAD8
725,CD3D
726,PRB1
727,C3
728,CCL2
729,EXT1
730,DUSP5
731,NCF2
732,PTPRF
733,PILRA
734,A1CF
735,UBE2E1
736,SIGLEC10
737,TLR10
738,RIMBP3B
739,SIGLEC1
740,PTPN5
741,TRPC7
742,ENO1
743,USH2A
744,MR1
745,MARK2
746,ELAVL1
747,BLNK
748,CARD6
749,SOX1
750,ELF4
751,HNRNPK
752,LASP1
753,TGFBI
754,BCR
755,CFP
756,TMEM173
757,AP1M1
758,CSMD3
759,RAPGEFL1
760,FCGR3B
761,ANXA1
762,SHH
763,BLM
764,PDGFRB
765,SKAP2
766,HIST1H4F
767,CXCL9
768,CCND1
769,PGM2
770,PCDHGA5
771,RPS15A
772,LRRK2
773,IGF1
774,MYO3A
775,NFAM1
776,PLCE1
777,ADRB2
778,DNASE1
779,NXPE3
780,LILRB3
781,CDC25A
782,GAB1
783,TIMM50
784,TNFRSF1A
785,SNX9
786,UBL4B
787,DEFA5
788,MS4A2
789,TRAT1
790,PCDH18
791,ELP1
792,PPP1CA
793,NRIP1
794,CDC42
795,NT5DC2
796,NEK4
797,IRAK3
798,TNFSF4
799,CDR1
800,IL6ST
801,FAT1
802,SQSTM1
803,IER3
804,LGR4
805,SPTA1
806,CNN1
807,AGO1
808,SSBP2
809,MAPT
810,ADAMTS13
811,TAX1BP1
812,JAK1
813,UBL7
814,CCL5
815,YWHAB
816,TLR5
817,PTK2B
818,INHA
819,DDX5
820,IL7R
821,PML
822,RAB26
823,LMNA
824,COL6A6
825,IL27
826,DEFA6
827,HIST1H2AM
828,MAP3K20
829,PRKAR2A
830,HIST1H4L
831,ZFP36
832,TRIB3
833,BAIAP2
834,MYO1A
835,KRT18
836,RUVBL1
837,SHC1
838,RNH1
839,FRMD6
840,SLC25A23
841,TSC2
842,TJP2
843,IL2
844,PTPRN
845,CD300C
846,KRT85
847,CHST12
848,KIF23
849,COL18A1
850,CCDC138
851,NEURL2
852,MDH1
853,STMN3
854,TMEM89
855,TNFSF15
856,CAV1
857,DRD5
858,KIF22
859,RELB
860,PAG1
861,RAI14
862,IL1RAPL2
863,ING1
864,MAP2K2
865,THSD4
866,LAT
867,HSPA9
868,CD5
869,MASP2
870,RPS5
871,IL1R2
872,ATN1
873,CAD
874,MAGEB18
875,SUGT1
876,LILRB4
877,STK38
878,TRIM38
879,ULK3
880,DSC2
881,TAB1
882,PIK3CG
883,PPP1CC
884,COL14A1
885,TECTA
886,EPHA3
887,C1QC
888,CDK2
889,PRTN3
890,PRKD2
891,TNFRSF21
892,CD28
893,PCDHGB1
894,SMAD6
895,CD52
896,MAPKAPK2
897,ITGB5
898,NFKBIB
899,AGT
900,CD53
901,HNF1A
902,IFIT5
903,RASL10B
904,CSNK1A1
905,PIWIL2
906,FOXO1
907,FCER1A
908,S100A9
909,FCHSD2
910,TMEM223
911,MLF1
912,CDHR5
913,LAMA5
914,TNFRSF25
915,DISC1
916,LGALS9
917,MICA
918,SPSB1
919,ICAM1
920,HIVEP1
921,MAP3K12
922,FCGR1A
923,CDC5L
924,PCDHGA2
925,ITGB2
926,CLK3
927,TSC1
928,VRK1
929,NOLC1
930,BASP1
931,LAMTOR5
932,SPSB4
933,ST3GAL4
934,PLK1
935,CAMK2D
936,TNIP1
937,POP5
938,CXCL2
939,TKT
940,CLPP
941,UBE2N
942,TNFRSF10A
943,ASB2
944,PLAGL2
945,TREML1
946,CDC42EP1
947,NTM
948,USP14
949,CNPY3
950,HFE
951,AUP1
952,BPGM
953,KCTD10
954,ADAMTSL2
955,SSH1
956,CD14
957,ITGA10
958,RARRES3
959,NAP1L1
960,MMRN1
961,RAB23
962,RARS
963,EPHA7
964,ARAF
965,STAT5A
966,ITGAM
967,MAPK8IP2
968,SASH1
969,GP1BA
970,IL12A
971,MAPKAPK3
972,CEACAM7
973,RHOG
974,LRPPRC
975,NLRP2
976,VIL1
977,PPP2R2B
978,KRAS
979,HLA-DMB
980,MAP3K21
981,TICAM2
982,MARK4
983,SLC22A13
984,IFI16
985,HCK
986,GPS1
987,NF1
988,CARD10
989,YOD1
990,RNPS1
991,ADAM17
992,TPX2
993,SUPT6H
994,STK4
995,TP53
996,SPI1
997,CEP131
998,PRKN
999,MAP3K14
1000,EPOR
1001,NPTXR
1002,UBE2D4
1003,DDX3X
1004,GALNT11
1005,PLAUR
1006,PCDHB5
1007,UBQLN2
1008,USP21
1009,PTPN21
1010,ASGR2
1011,RAC1
1012,PRM2
1013,MAPK7
1014,AURKB
1015,DOK3
1016,VNN2
1017,RGS3
1018,IRF6
1019,STAT1
1020,TNFRSF9
1021,SIGIRR
1022,HLA-DQB1
1023,FGFR3
1024,PLG
1025,VEZF1
1026,CDK17
1027,BMPR1A
1028,XPO7
1029,LTBR
1030,RIMBP3C
1031,INTS7
1032,TRPC4AP
1033,TGFB2
1034,MYO1E
1035,RNF5
1036,IMPAD1
1037,AIF1
1038,OPHN1
1039,CFHR5
1040,FCN3
1041,HLA-DPB1
1042,TBC1D24
1043,C3AR1
1044,HIST1H2AK
1045,CD3E
1046,KIR2DL3
1047,PNPLA6
1048,MST1R
1049,MICALL1
1050,RPL10A
1051,RIPK2
1052,THBS1
1053,NONO
1054,NLK
1055,GRK6
1056,MOV10
1057,SH2B1
1058,JAK2
1059,CDK12
1060,TRIM21
1061,ARFIP1
1062,RAB27A
1063,TNFRSF11A
1064,VAV3
1065,ESR1
1066,NMI
1067,PRKD1
1068,CDKN1B
1069,MET
1070,ARHGDIA
1071,SH2D5
1072,PCDHGA6
1073,CXCR2
1074,TNFSF13B
1075,CAMK2G
1076,ASB14
1077,VSIR
1078,USP4
1079,TMX2
1080,NCK2
1081,AICDA
1082,SCRIB
1083,C4BPA
1084,DNAJA1
1085,UBTD2
1086,PTPN7
1087,PSMA1
1088,FH
1089,PIN1
1090,MAIP1
1091,CD83
1092,FLT4
1093,TIGIT
1094,MAP2K6
1095,ITPA
1096,B4GALT5
1097,PRKCE
1098,GJC2
1099,AGAP3
1100,CEBPD
1101,ITGB8
1102,C8B
1103,HLA-DOA
1104,GNB2
1105,IL1RAP
1106,GNAI1
1107,NEDD4
1108,CASP9
1109,LDOC1
1110,NGFR
1111,ITGA2
1112,COPS2
1113,RHBDL1
1114,TUBA8
1115,ADAM10
1116,STUB1
1117,ITCH
1118,TRIB2
1119,ITGA4
1120,TRIM24
1121,EPS8L1
1122,TPO
1123,HIST1H2AE
1124,UBXN2B
1125,TRIO
1126,WEE1
1127,CD69
1128,KIF5B
1129,AKT2
1130,TRAF3IP1
1131,CAPN2
1132,UBB
1133,PTPN14
1134,PTPRN2
1135,CIDEA
1136,CXCL8
1137,LGALS3
1138,ANTXR1
1139,PABPC4
1140,SETBP1
1141,IFI6
1142,TUBB6
1143,SFXN4
1144,RACGAP1
1145,PRDX1
1146,ROBO3
1147,TRIM15
1148,CASP5
1149,SIK2
1150,DUSP10
1151,CD19
1152,GATA1
1153,NOX4
1154,PTPRU
1155,YES1
1156,PTPRH
1157,HSPA8
1158,ERBB4
1159,SOD1
1160,MDM4
1161,UBTF
1162,ITGAD
1163,CTGF
1164,GRM2
1165,IL20RB
1166,CSF2RA
1167,STAT5B
1168,SRSF3
1169,HIST1H4E
1170,CNTNAP2
1171,LILRA2
1172,MAP2K5
1173,DUSP15
1174,KPNA6
1175,LRRD1
1176,CHEK1
1177,CSNK1G2
1178,ATR
1179,CA11
1180,TPD52L1
1181,TAF9
1182,SHARPIN
1183,SUSD2
1184,TNFAIP2
1185,EVI2B
1186,SIRPG
1187,AKR7A2
1188,PIK3R2
1189,VEGFC
1190,MAPK3
1191,RIPK1
1192,NDUFS1
1193,MAPK1
1194,INPPL1
1195,PINK1
1196,FES
1197,CD4
1198,SELP
1199,TBK1
1200,CTSS
1201,KIT
1202,OASL
1203,UBXN2A
1204,TAB2
1205,TAOK3
1206,SLC25A3
1207,PREX1
1208,BRAF
1209,TLR8
1210,MAG
1211,NAV1
1212,USF1
1213,TNFRSF8
1214,C2
1215,STIM2
1216,PSTPIP1
1217,ULK1
1218,ATG5
1219,RHEBL1
1220,LSR
1221,CD81
1222,AKAP13
1223,CXCL3
1224,TRADD
1225,HIPK2
1226,SFXN3
1227,GNLY
1228,RPS6KA3
1229,CHUK
1230,CSK
1231,EIF2AK2
1232,AGRN
1233,FADD
1234,GDF11
1235,MS4A1
1236,PXDN
1237,FHOD1
1238,IFNAR1
1239,PIDD1
1240,LAIR1
1241,PCDHGA7
1242,COPS4
1243,PTPN22
1244,PRSS23
1245,TCP1
1246,TIRAP
1247,NRXN1
1248,RASD1
1249,DFFA
1250,ASB1
1251,EPHA10
1252,C4BPB
1253,TGFB1
1254,HTR5A
1255,LY9
1256,CEBPG
1257,CLEC2B
1258,PTPN4
1259,HNRNPH1
1260,RPS3A
1261,IGF1R
1262,SNX18
1263,NPTX2
1264,BAG4
1265,MYL12A
1266,ARHGEF11
1267,MMP25
1268,ZNF467
1269,LRP1
1270,KRR1
1271,APIP
1272,PSD
1273,HAX1
1274,IGFBP7
1275,TSSK6
1276,BAG1
1277,UBASH3A
1278,NID1
1279,AANAT
1280,-
1281,NEK8
1282,CFB
1283,DYRK3
1284,MAP2K4
1285,HIST1H2AI
1286,LY96
1287,MYBPC3
1288,BOC
1289,TACC3
1290,SELPLG
1291,LY6E
1292,PAUF
1293,YWHAQ
1294,PIK3R3
1295,HK3
1296,ARHGAP15
1297,RUNX3
1298,F13A1
1299,CREBBP
1300,HNRNPU
1301,CD58
1302,PLA2G6
1303,SH3BP4
1304,RAF1
1305,INTS4
1306,CDKN2C
1307,USP8
1308,CLEC4G
1309,TUBB4B
1310,DECR1
1311,MAP3K8
1312,PIK3CB
1313,C20orf24
1314,IL2RG
1315,SKI
1316,DDB1
1317,PAX9
1318,SOCS2
1319,EDARADD
1320,CD8B
1321,TEK
1322,IL4R
1323,PIK3CD
1324,ATRN
1325,IL18R1
1326,STK38L
1327,CYP2A6
1328,CHEK2
1329,IL18BP
1330,CEP152
1331,ABI2
1332,NOXO1
1333,PHGDH
1334,MCM7
1335,VWF
1336,DDR2
1337,RPS27A
1338,YAP1
1339,CLK1
1340,TUBB2B
1341,PPM1B
1342,LATS1
1343,PIK3CA
1344,RIN1
1345,DAXX
1346,BMX
1347,AATF
1348,CFL2
1349,TBX21
1350,TNK1
1351,HIST1H2AG
1352,RMDN3
1353,TRIM8
1354,TGFBR2
1355,LILRB2
1356,PSTPIP2
1357,HSPA2
1358,RASAL1
1359,PARD3
1360,XCL1
1361,TAF1
1362,LBP
1363,HNRNPA1
1364,COL7A1
1365,LRP8
1366,FAM171B
1367,PTHLH
1368,IFNA16
1369,C7
1370,TRA2B
1371,LARS
1372,SVEP1
1373,C1QBP
1374,TLR1
1375,DOK2
1376,BMPR2
1377,HERPUD1
1378,VCAN
1379,HIST1H4J
1380,EPB41L3
1381,SH3RF1
1382,IRF3
1383,ANK1
1384,UBFD1
1385,EPS8L2
1386,PKN3
1387,FN1
1388,ITGA11
1389,TLE3
1390,CTSL
1391,KLF5
1392,SYNJ2
1393,HDAC1
1394,NRBP1
1395,ITPR2
1396,NKX2-5
1397,CELSR1
1398,IFITM1
1399,AIDA
1400,PICK1
1401,LILRA6
1402,PHRF1
1403,CSF2RB
1404,OCLN
1405,SLC25A16
1406,UBXN11
1407,MYLK2
1408,MAPK11
1409,STK17A
1410,EPHB1
1411,ZNF655
1412,STAB1
1413,PCDHAC1
1414,CEACAM8
1415,PRDX6
1416,C5AR1
1417,CFHR4
1418,LAMP1
1419,CNKSR2
1420,DNAJB4
1421,SLAMF7
1422,NLRC5
1423,RHBDF2
1424,USP18
1425,LRRC47
1426,PAK3
1427,PLAU
1428,CEBPE
1429,PCLAF
1430,CFD
1431,PRKCB
1432,SOD3
1433,TARDBP
1434,WWP2
1435,RPS16
1436,SH2D1B
1437,ACVRL1
1438,TNP2
1439,RTEL1
1440,BAG6
1441,PTK2
1442,ILK
1443,TULP4
1444,PTPN18
1445,CNTN2
1446,SLC25A46
1447,G3BP2
1448,DCP2
1449,PAX4
1450,CHST3
1451,KIRREL2
1452,CANX
1453,GZMK
1454,RIMBP2
1455,IL13
1456,EXO1
1457,DENND6A
1458,IFNB1
1459,WDR34
1460,ABCB8
1461,REL
1462,MOG
1463,NOD1
1464,PDPK1
1465,C4B_2
1466,SHANK3
1467,P2RY4
1468,DBH
1469,CCNA2
1470,HIPK1
1471,SPECC1L
1472,CDC42BPB
1473,CX3CR1
1474,EGF
1475,CLEC10A
1476,TRIM2
1477,WWC1
1478,PTPRO
1479,MCF2L
1480,GATA2
1481,TUBB
1482,PARD6B
1483,CDC25B
1484,PRKAA1
1485,SUMO4
1486,CDKN2B
1487,UBTD1
1488,TGFBR1
1489,ARHGDIB
1490,DDR1
1491,JAML
1492,PPP1R12A
1493,HSCB
1494,STC2
1495,PELI3
1496,IL6R
1497,FASLG
1498,TLR6
1499,NCK1
1500,DGKH
1501,PTK6
1502,CTDNEP1
1503,ABL2
1504,RLIM
1505,C6
1506,CD300A
1507,ALKAL1
1508,TNFRSF12A
1509,PTPRM
1510,FKBP5
1511,WDR61
1512,CDK5
1513,CXCR4
1514,GP6
1515,CDKL5
1516,PARD6G
1517,PPP6R3
1518,RBL1
1519,TYK2
1520,MDM2
1521,NTAN1
1522,HSP90AB1
1523,TUBA1B
1524,NBN
1525,DNASE1L3
1526,MYCBP2
1527,DUSP6
1528,TUBA3D
1529,DOCK2
1530,COL6A5
1531,IRF1
1532,ADAMDEC1
1533,NRXN3
1534,ACVR1
1535,IL1RL2
1536,FCGR1B
1537,SPOP
1538,MAPK14
1539,RAB40B
1540,DAPK2
1541,IRAK2
1542,LIMS2
1543,EEF1A2
1544,TLR3
1545,TMEM2
1546,CR2
1547,FAM3C
1548,CLIP3
1549,NECTIN2
1550,GRB10
1551,CR1
1552,RASSF5
1553,FCHSD1
1554,SNX14
1555,CRP
1556,CILP2
1557,STK11
1558,CCT7
1559,NCKIPSD
1560,ACVR2B
1561,GNG12
1562,DST
1563,PRKACA
1564,DIABLO
1565,TNFRSF4
1566,DNASE1L1
1567,OTUD1
1568,IGHG4
1569,PSME3
1570,LTB
1571,TRPS1
1572,RAC2
1573,ALPI
1574,NFKBIA
1575,PTPRD
1576,ADORA2A
1577,SSX2IP
1578,MBL2
1579,BTLA
1580,CYB5R4
1581,CSF1R
1582,C5AR2
1583,CD40LG
1584,CLPX
1585,NID2
1586,EIF2AK1
1587,PRKCD
1588,ICAM5
1589,VWA2
1590,MILR1
1591,UBE2V2
1592,HDAC7
1593,CD33
1594,SGTA
1595,FASN
1596,GRK2
1597,AXL
1598,CEACAM5
1599,IPO8
1600,AHI1
1601,DUSP3
1602,PTPRG
1603,ACOT12
1604,GART
1605,PTPN23
1606,MAP3K3
1607,TAOK1
1608,UBXN10
1609,RPTOR
1610,DAGLB
1611,ARRDC3
1612,SLA
1613,CDC42BPA
1614,RAB15
1615,TNFSF9
1616,ADAM9
1617,GOLGA2
1618,GPX1
1619,CD80
1620,PDE4B
1621,NFATC2
1622,MNDA
1623,CD276
1624,IL18RAP
1625,KAT2B
1626,PRKCI
1627,CLK4
1628,FGL1
1629,STRADA
1630,FLII
1631,PIAS1
1632,TMSB4X
1633,TYROBP
1634,DOK1
1635,IDH1
1636,C1S
1637,JAM3
1638,BARD1
1639,NCL
1640,CASK
1641,PTPRA
1642,IL10RA
1643,LGALS8
1644,ATP5A1
1645,HIST2H4A
1646,PAK4
1647,CBL
1648,TNFSF11
1649,XPO1
1650,HLA-DRA
1651,CCND3
1652,TNFRSF13B
1653,SH3RF2
1654,B4GALT3
1655,GRAP2
1656,LST1
1657,STK16
1658,ITGAE
1659,SGK1
1660,S100A4
1661,FOXM1
1662,IL2RB
1663,PPP1CB
1664,AKT1
1665,IKBKG
1666,SMARCA4
1667,KIR3DS1
1668,RIBC2
1669,CSNK2A2
1670,TIE1
1671,PTPRS
1672,NEK6
1673,MYBPH
1674,BAG2
1675,HLA-C
1676,GAK
1677,GEM
1678,GC
1679,PYCARD
1680,NCOA4
1681,GNB4
1682,MYO15B
1683,KIAA0753
1684,TNK2
1685,RBCK1
1686,NUAK2
1687,CAMKK2
1688,RABGEF1
1689,FUS
1690,NDUFB10
1691,FGR
1692,RANBP9
1693,HLA-B
1694,FLT1
1695,SNX17
1696,ZP2
1697,TIAF1
1698,NTN3
1699,TTK
1700,KRTAP10-7
1701,ZRANB1
1702,ATF3
1703,GHR
1704,CD27
1705,SMAD3
1706,HSP90AA1
1707,YWHAG
1708,HADHA
1709,FGFR2
1710,RAB6B
1711,ITIH1
1712,HSPA5
1713,TRIM3
1714,NLRP3
1715,SOCS7
1716,GABARAP
1717,C1QL1
1718,MYC
1719,MAP3K7
1720,NR3C1
1721,KLC3
1722,TEC
1723,EDC3
1724,MTMR14
1725,PRKDC
1726,DNASE2
1727,SNX27
1728,IFNA1
1729,PIAS4
1730,PIM2
1731,EPHA2
1732,HAVCR1
1733,POLD3
1734,BTN3A3
1735,IFNA2
1736,RNF31
1737,HUNK
1738,PAK1
1739,LILRB1
1740,EREG
1741,CLEC4M
1742,EPHB3
1743,PGR
1744,PTX3
1745,TMEM126B
1746,ZFAND5
1747,VSIG2
1748,OPTN
1749,BCL2L11
1750,MPI
1751,STRADB
1752,ADIPOQ
1753,XPOT
1754,MERTK
1755,CD84
1756,CDC37
1757,PTPRR
1758,SLC25A6
1759,DDX58
1760,ISG15
1761,VRK3
1762,ITGAX
1763,PHKG1
1764,AFDN
1765,SRMS
1766,VAMP4
1767,HIST1H1A
1768,KPNA1
1769,NOCT
1770,NFKBIE
1771,OSBPL3
1772,MUSK
1773,SCN2B
1774,RAB8A
1775,IGHG2
1776,EPS8
1777,MAP2K1
1778,PCDHGA12
1779,PYDC1
1780,UBASH3B
1781,PRKCH
1782,COL6A2
1783,ALDH9A1
1784,PDZD4
1785,INS
1786,ASB8
1787,DNASE1L2
1788,ITPR1
1789,ARHGEF3
1790,SOD2
1791,HSPD1
1792,EPHA1
1793,VHL
1794,PCDHA12
1795,CCDC102B
1796,HLA-DRB5
1797,COPS3
1798,FGD4
1799,RHOH
1800,HP
1801,ACP2
1802,RHBDD3
1803,SEMA7A
1804,LAMC3
1805,IGHG1
1806,CRYBB3
1807,HSP90B1
1808,ITGA9
1809,TRIM5
1810,DHRS3
1811,PRDM1
1812,SMAD7
1813,ITGB4
1814,HIPK3
1815,DMP1
1816,PSME2
1817,CELSR3
1818,ASB11
1819,UGP2
1820,ASB9
1821,SPARC
1822,BCL2
1823,IKBKE
1824,UBE2NL
1825,TRAF1
1826,SAMSN1
1827,OTUD7A
1828,PDE6G
1829,IL23A
1830,APOA2
1831,MARS
1832,GJA3
1833,GPX7
1834,RUSC2
1835,COLEC12
1836,GNAI3
1837,ESS2
1838,LMTK2
1839,TNFRSF1B
1840,IRF7
1841,HMGB2
1842,VCP
1843,MAST4
1844,ARRB1
1845,YWHAZ
1846,SIGLEC7
1847,AXIN1
1848,XAF1
1849,NTN1
1850,DBN1
1851,SHKBP1
1852,STAU1
1853,MS4A4A
1854,LARP1
1855,CISH
1856,BAD
1857,ASAP1
1858,CCAR2
1859,NOX3
1860,USP7
1861,FCER2
1862,MAP3K11
1863,RPS27L
1864,SSH2
1865,TYRO3
1866,SOS1
1867,TIFA
1868,IRF5
1869,MAP3K4
1870,ZAP70
1871,GLDC
1872,ZNF143
1873,HIST1H4I
1874,STRBP
1875,FGFR1
1876,HOXA10
1877,CASP2
1878,FCGR2A
1879,GZMA
1880,TFG
1881,SPACA3
1882,SH2D1A
1883,SOCS1
1884,SET
1885,RPLP2
1886,F2RL2
1887,GGA3
1888,COL4A2
1889,EDA2R
1890,INHBA
1891,ITGB7
1892,EPS8L3
1893,CACNA2D4
1894,IFI27
1895,UBE2D3
1896,CFLAR
1897,LRBA
1898,TRAF2
1899,EPRS
1900,CHCHD2
1901,AP2M1
1902,ABI3
1903,SP110
1904,INTS6L
1905,GCN1
1906,TREX2
1907,IL1B
1908,ERG28
1909,STAMBP
1910,BCL6
1911,MAP4K2
1912,IL10
1913,TRAF5
1914,PRKCQ
1915,LAMB1
1916,BABAM2
1917,SLC28A3
1918,SH3D21
1919,JAK3
1920,MINK1
1921,TMUB1
1922,CASP3
1923,DDRGK1
1924,ABL1
1925,UBC
1926,CAMK2B
1927,UACA
1928,TRIM32
1929,SPTBN1
1930,SPG21
1931,OLR1
1932,ACTB
1933,TLR7
1934,SMPDL3B
1935,TRIM25
1936,ITGB6
1937,PTPRC
1938,MYO1D
1939,CDK14
1940,SLC26A1
1941,STK3
1942,ROBO1
1943,SSBP3
1944,MYL6
1945,COPS8
1946,ARHGEF9
1947,SP100
1948,AMHR2
1949,TSSK1B
1950,LCK
1951,INPP5D
1952,EPHA4
1953,ARF6
1954,AKT1S1
1955,CANT1
1956,IL1A
1957,TNFAIP3
1958,NPTX1
1959,STAC2
1960,CTLA4
1961,CDKN1A
1962,PPP6C
1963,NCF1C
1964,ATP2B2
1965,CX3CL1
1966,CTNNB1
1967,PKMYT1
1968,MYO1F
1969,EIF3E
1970,LAPTM5
1971,SFN
1972,CASP1
1973,MALT1
1974,VCAM1
1975,NCF1B
1976,NRAS
1977,IL12RB2
1978,MCM6
1979,ZMYND11
1980,SRGAP2
1981,GSN
1982,LZTS2
1983,HSP70-1
1984,CLEC7A
1985,FCGR3A
1986,MARK3
1987,ACVR1C
1988,IL1RL1
1989,SUMO1
1990,OTUD7B
1991,PLEK
1992,PRKCA
1993,TNFSF14
1994,PTX4
1995,CCS
1996,ROBO2
1997,NXF1
1998,SPEG
1999,RPA1
2000,NRK
2001,SPINK5
2002,LIMK2
2003,FRK
2004,CASP6
2005,OSMR
2006,CD274
2007,CLCA2
2008,PLEKHA7
2009,C1QB
2010,IGSF6
2011,MSN
2012,IL32
2013,SMURF2
2014,NPHP1
2015,SCIN
2016,EEF1D
2017,BUB1B
2018,LGALS13
2019,PTPN1
2020,RPS27
2021,MYH9
2022,BIN2
2023,MAP3K1
2024,RFFL
2025,PXDNL
2026,CFL1
2027,CDK7
2028,ABI1
2029,PLA2G4A
2030,STAT3
2031,CD55
2032,YWHAH
2033,CPNE6
2034,CAMK2A
2035,LIMK1
2036,PELI1
2037,CTTN
2038,CD46
2039,COPS6
2040,DYRK1A
2041,BID
2042,EPB42
2043,RNF114
2044,IRAK1
2045,WNT6
2046,EP300
2047,NOX1
2048,IRS4
2049,TRAP1
2050,TTN
2051,TREM2
2052,CD3G
2053,SYNJ1
2054,IL18
2055,IFNA13
2056,EPHB4
2057,HSPA6
2058,DUSP8
2059,VIM
2060,DEF6
2061,CSTB
2062,RTL8C
2063,UBQLN1
2064,ACTG1
2065,RPS6KA1
2066,ALK
2067,ARAP1
2068,TNFRSF10B
2069,CD2AP
2070,RPS14
2071,MAPK15
2072,SLC15A1
2073,PIAS2
2074,IRS1
2075,BCL10
2076,CD247
2077,STK17B
2078,RRAS2
2079,NDST2
2080,PDF
2081,STAT4
2082,SGK3
2083,RELN
2084,GRK5
2085,PKN2
2086,NFYA
2087,NTSR2
2088,TPM3
2089,CORO1A
2090,CASP8
2091,IL21
2092,RAP1A
2093,HLA-DPA1
2094,EPHB2
2095,IL12B
2096,CARD9
2097,PI4KB
2098,PRMT2
2099,CXADR
2100,FBXO3
2101,PSKH1
2102,PASK
2103,CBLB
2104,NGEF
2105,VWA3B
2106,BTNL2
2107,ACP5
2108,HAVCR2
2109,TNFRSF13C
2110,RIN3
2111,RIMBP3
2112,TSSK4
2113,GPR98
2114,RPL23
2115,RNF25
2116,SLC25A5
2117,CRKL
2118,GSK3B
2119,CSNK1D
2120,WDFY3
2121,DFFB
2122,SIK1
2123,SLC6A7
2124,GFRA4
2125,GDPD1
2126,COL12A1
2127,NFKB1
2128,APP
2129,PLEKHO2
2130,KCNK3
2131,HIST1H4K
2132,UBQLNL
2133,PCDHA13
2134,APOB
2135,ABHD18
2136,B4GALT7
2137,NOS2
2138,FGA
2139,SLAMF9
2140,COL3A1
2141,LAT2
2142,FCN2
2143,SH2B3
2144,PPM1G
2145,EPHA8
2146,COL28A1
2147,NOXA1
2148,KIF7
2149,GIT2
2150,FLNC
2151,NCR3
2152,STAC3
2153,PATZ1
2154,CSPG4
2155,VAV1
2156,PCDHGB3
2157,ACIN1
2158,DAD1
2159,BFAR
2160,NCAN
2161,COL8A2
2162,LAMA1
2163,TRIM16
2164,MCM2
2165,AIFM1
2166,XIAP
2167,S100A8
2168,EFNA1
2169,NTRK1
2170,IRF2
2171,PDGFRA
2172,GIMAP5
2173,ITGA6
2174,GNS
2175,BAG3
2176,SRC
2177,RPS6KC1
2178,ACVR2A
2179,PPP2R5A
2180,LCP2
2181,CFHR1
2182,WSB2
2183,CCR1
2184,PRKACG
2185,SLC6A2
2186,BIRC7
2187,IARS
2188,CIT
2189,MASP1
2190,PDCD1LG2
2191,ESD
2192,APEX1
2193,CD180
2194,INSRR
2195,DMPK
2196,VKORC1
2197,GRB2
2198,LDHB
2199,SH3RF3
2200,PGAM5
2201,IL13RA1
2202,CCR7
2203,TNIP3
2204,CD2
2205,NUB1
2206,UBE2V1
2207,TUBA3C
2208,DAB2IP
2209,FKBP1A
2210,SOCS5
2211,FGG
2212,AIF1L
